1st_sem_enrolled,1st_sem_evaluations,1st_sem_without_evaluations,1st_sem_approved,1st_sem_failed,1st_sem_grade,1st_sem_pass_rate,Target
0,0,0,0,0,0.0,0.0,Dropout
6,6,0,6,0,14.0,1.0,Safe
6,0,0,0,0,0.0,0.0,Dropout
6,8,0,6,2,13.428571428571429,0.75,Safe
6,9,0,5,4,12.333333333333334,0.5555555555555556,Safe
5,10,0,5,5,11.857142857142858,0.5,Safe
7,9,0,7,2,13.3,0.7777777777777778,Safe
5,5,0,0,5,0.0,0.0,Dropout
6,8,0,6,2,13.875,0.75,Safe
6,9,0,5,4,11.4,0.5555555555555556,Dropout
6,6,0,6,0,12.333333333333334,1.0,Safe
8,8,0,7,1,13.214285714285714,0.875,Safe
6,6,0,0,6,0.0,0.0,Dropout
6,7,0,6,1,10.571428571428571,0.8571428571428571,Safe
5,7,0,4,3,13.25,0.5714285714285714,Safe
6,6,0,5,1,13.2,0.8333333333333334,Dropout
6,10,0,1,9,12.0,0.1,Caution
7,8,0,7,1,13.30625,0.875,Safe
5,8,1,4,4,12.5,0.5,Safe
7,7,0,6,1,11.666666666666666,0.8571428571428571,Caution
0,0,0,0,0,0.0,0.0,Safe
7,14,0,7,7,11.4375,0.5,Caution
8,12,0,7,5,12.857142857142858,0.5833333333333334,Safe
6,8,0,6,2,13.375,0.75,Safe
7,8,0,6,2,13.296666666666669,0.75,Safe
6,8,0,5,3,11.6,0.625,Caution
6,9,0,6,3,11.375,0.6666666666666666,Safe
5,9,2,5,4,12.666666666666666,0.5555555555555556,Caution
5,6,0,5,1,12.0,0.8333333333333334,Safe
7,9,0,6,3,12.933333333333332,0.6666666666666666,Caution
6,15,0,5,10,11.857142857142858,0.3333333333333333,Caution
6,7,0,6,1,12.833333333333334,0.8571428571428571,Safe
5,9,0,3,6,11.333333333333334,0.3333333333333333,Caution
6,6,0,6,0,12.666666666666666,1.0,Safe
5,6,0,5,1,12.4,0.8333333333333334,Safe
7,7,0,0,7,0.0,0.0,Dropout
5,0,0,0,0,0.0,0.0,Dropout
5,10,0,1,9,10.0,0.1,Dropout
5,8,0,5,3,11.0,0.625,Safe
6,13,0,3,10,11.666666666666666,0.23076923076923078,Dropout
6,6,0,4,2,12.75,0.6666666666666666,Dropout
5,5,0,5,0,14.8,1.0,Safe
7,9,0,5,4,13.928,0.5555555555555556,Safe
6,7,0,4,3,13.0,0.5714285714285714,Dropout
5,0,0,0,0,0.0,0.0,Dropout
5,9,0,2,7,11.5,0.2222222222222222,Caution
6,6,0,6,0,11.666666666666666,1.0,Safe
7,8,0,6,2,13.516666666666666,0.75,Safe
6,6,0,6,0,11.5,1.0,Safe
6,7,0,5,2,12.333333333333334,0.7142857142857143,Safe
6,6,0,6,0,13.666666666666666,1.0,Safe
8,10,0,6,4,11.833333333333334,0.6,Caution
6,11,0,4,7,14.0,0.36363636363636365,Caution
5,7,0,5,2,14.714285714285714,0.7142857142857143,Safe
5,12,0,5,7,10.6,0.4166666666666667,Dropout
7,9,0,7,2,13.044444444444444,0.7777777777777778,Safe
6,10,0,0,10,0.0,0.0,Dropout
6,9,0,5,4,13.0,0.5555555555555556,Dropout
8,8,0,8,0,14.935,1.0,Safe
0,0,0,0,0,0.0,0.0,Caution
7,8,0,6,2,13.133333333333333,0.75,Safe
6,7,0,6,1,12.0,0.8571428571428571,Safe
0,0,0,0,0,0.0,0.0,Caution
6,6,0,5,1,11.4,0.8333333333333334,Caution
6,6,0,0,6,0.0,0.0,Caution
7,10,0,5,5,11.9,0.5,Dropout
0,0,0,0,0,0.0,0.0,Safe
6,8,0,6,2,12.571428571428571,0.75,Safe
5,8,0,5,3,11.2,0.625,Dropout
6,7,0,6,1,12.0,0.8571428571428571,Caution
5,9,0,0,9,0.0,0.0,Caution
7,8,0,7,1,11.975,0.875,Safe
0,0,0,0,0,0.0,0.0,Dropout
6,12,0,3,9,11.666666666666666,0.25,Dropout
6,8,0,6,2,12.333333333333334,0.75,Safe
5,8,0,3,5,10.333333333333334,0.375,Dropout
6,8,0,4,4,10.5,0.5,Dropout
6,6,0,6,0,13.666666666666666,1.0,Safe
7,7,0,7,0,14.842857142857142,1.0,Safe
6,8,0,6,2,12.0,0.75,Safe
6,8,0,5,3,12.2,0.625,Dropout
1,1,1,0,1,0.0,0.0,Dropout
12,17,0,6,11,12.166666666666666,0.35294117647058826,Dropout
5,6,0,5,1,12.0,0.8333333333333334,Caution
6,7,0,6,1,11.0,0.8571428571428571,Safe
8,8,0,7,1,13.08,0.875,Safe
5,7,0,4,3,10.5,0.5714285714285714,Safe
6,9,1,6,3,10.666666666666666,0.6666666666666666,Safe
5,6,0,4,2,14.0,0.6666666666666666,Caution
5,9,0,2,7,10.0,0.2222222222222222,Caution
7,18,0,0,18,0.0,0.0,Dropout
6,6,0,6,0,14.0,1.0,Safe
6,7,1,2,5,12.0,0.2857142857142857,Dropout
6,12,0,3,9,12.666666666666666,0.25,Dropout
8,11,0,8,3,11.875,0.7272727272727273,Safe
5,9,0,5,4,14.0,0.5555555555555556,Caution
6,6,0,6,0,13.666666666666666,1.0,Safe
7,7,0,7,0,13.75,1.0,Safe
5,7,2,5,2,14.2,0.7142857142857143,Caution
7,10,0,4,6,11.96,0.4,Dropout
10,12,0,8,4,12.875,0.6666666666666666,Dropout
0,0,0,0,0,0.0,0.0,Safe
6,0,0,0,0,0.0,0.0,Dropout
18,19,0,18,1,14.63157894736842,0.9473684210526315,Safe
6,0,0,0,0,0.0,0.0,Dropout
10,12,0,10,2,13.0,0.8333333333333334,Safe
6,0,0,0,0,0.0,0.0,Dropout
6,15,0,4,11,14.2,0.26666666666666666,Dropout
7,9,0,6,3,13.266666666666666,0.6666666666666666,Dropout
7,12,0,6,6,11.666666666666666,0.5,Caution
6,8,0,6,2,13.857142857142858,0.75,Safe
5,9,0,3,6,13.0,0.3333333333333333,Caution
5,6,0,5,1,13.4,0.8333333333333334,Safe
6,6,0,6,0,12.666666666666666,1.0,Safe
7,7,1,6,1,12.516666666666666,0.8571428571428571,Dropout
7,11,0,6,5,11.616666666666667,0.5454545454545454,Caution
6,13,0,2,11,10.0,0.15384615384615385,Caution
5,11,0,3,8,10.333333333333334,0.2727272727272727,Caution
5,12,2,5,7,13.142857142857142,0.4166666666666667,Safe
5,5,0,5,0,12.6,1.0,Safe
6,12,0,3,9,11.0,0.25,Dropout
5,8,0,5,3,10.8,0.625,Safe
0,0,0,0,0,0.0,0.0,Dropout
5,5,0,5,0,12.8,1.0,Safe
6,15,0,6,9,14.166666666666666,0.4,Safe
7,12,0,5,7,12.1,0.4166666666666667,Dropout
6,7,0,6,1,14.166666666666666,0.8571428571428571,Safe
6,8,0,5,3,12.8,0.625,Caution
6,7,0,6,1,13.0,0.8571428571428571,Safe
7,7,0,7,0,13.467142857142855,1.0,Safe
7,9,0,7,2,13.2375,0.7777777777777778,Dropout
6,6,0,6,0,12.333333333333334,1.0,Safe
5,7,0,5,2,12.4,0.7142857142857143,Safe
7,8,0,5,3,14.0,0.625,Dropout
9,15,0,9,6,11.666666666666666,0.6,Safe
6,7,0,5,2,12.0,0.7142857142857143,Dropout
5,7,0,4,3,12.2,0.5714285714285714,Safe
6,6,0,6,0,14.833333333333334,1.0,Safe
7,9,0,5,4,13.188,0.5555555555555556,Caution
7,8,0,7,1,17.125,0.875,Safe
7,7,0,6,1,12.666666666666666,0.8571428571428571,Safe
6,8,0,6,2,12.666666666666666,0.75,Safe
5,8,0,0,8,0.0,0.0,Caution
6,7,0,6,1,11.333333333333334,0.8571428571428571,Safe
7,10,0,7,3,13.605,0.7,Safe
6,10,0,5,5,12.0,0.5,Safe
5,10,0,0,10,0.0,0.0,Dropout
6,8,0,5,3,11.2,0.625,Dropout
5,10,0,5,5,13.375,0.5,Safe
7,8,0,6,2,13.863333333333337,0.75,Safe
0,0,0,0,0,0.0,0.0,Caution
5,6,0,5,1,12.4,0.8333333333333334,Safe
6,11,0,3,8,12.333333333333334,0.2727272727272727,Caution
6,7,0,6,1,13.333333333333334,0.8571428571428571,Safe
6,10,0,3,7,12.666666666666666,0.3,Dropout
6,8,0,6,2,12.0,0.75,Dropout
5,5,0,5,0,10.6,1.0,Safe
6,8,0,6,2,12.25,0.75,Safe
6,10,0,4,6,11.0,0.4,Safe
6,11,0,5,6,11.0,0.45454545454545453,Safe
6,6,0,6,0,13.166666666666666,1.0,Dropout
7,9,0,7,2,12.855555555555554,0.7777777777777778,Safe
7,8,0,7,1,14.91875,0.875,Safe
6,13,0,4,9,11.5,0.3076923076923077,Dropout
5,5,0,5,0,14.2,1.0,Safe
6,6,0,6,0,12.5,1.0,Safe
1,1,0,0,1,0.0,0.0,Caution
6,10,0,5,5,11.666666666666666,0.5,Safe
8,8,0,7,1,14.257142857142856,0.875,Safe
6,13,0,3,10,12.0,0.23076923076923078,Dropout
5,13,1,4,9,11.25,0.3076923076923077,Caution
7,8,0,7,1,12.457142857142856,0.875,Safe
7,7,0,6,1,11.683333333333332,0.8571428571428571,Safe
6,10,0,3,7,11.666666666666666,0.3,Safe
6,8,0,4,4,11.75,0.5,Dropout
5,6,0,3,3,11.666666666666666,0.5,Caution
6,9,0,5,4,13.2,0.5555555555555556,Safe
7,8,0,4,4,11.95,0.5,Dropout
6,8,0,5,3,12.4,0.625,Dropout
7,8,0,6,2,14.35,0.75,Dropout
21,21,0,21,0,12.61904761904762,1.0,Safe
6,7,0,6,1,12.666666666666666,0.8571428571428571,Caution
6,6,0,5,1,12.0,0.8333333333333334,Dropout
6,6,0,6,0,12.166666666666666,1.0,Dropout
6,0,0,0,0,0.0,0.0,Dropout
5,9,0,3,6,10.0,0.3333333333333333,Dropout
10,18,0,8,10,11.5,0.4444444444444444,Caution
7,7,0,6,1,13.05,0.8571428571428571,Safe
6,10,0,2,8,11.0,0.2,Dropout
6,7,0,6,1,11.5,0.8571428571428571,Safe
6,7,0,6,1,12.0,0.8571428571428571,Safe
6,13,0,2,11,10.0,0.15384615384615385,Caution
5,5,0,0,5,0.0,0.0,Dropout
6,0,0,0,0,0.0,0.0,Dropout
8,8,0,7,1,12.242857142857144,0.875,Safe
5,0,0,0,0,0.0,0.0,Dropout
8,8,0,8,0,12.93375,1.0,Safe
5,0,0,0,0,0.0,0.0,Dropout
7,9,0,7,2,12.571428571428571,0.7777777777777778,Safe
3,4,0,3,1,11.816666666666668,0.75,Caution
5,9,0,4,5,13.75,0.4444444444444444,Safe
6,8,0,6,2,11.166666666666666,0.75,Safe
8,8,0,7,1,12.324285714285711,0.875,Safe
6,6,0,6,0,12.166666666666666,1.0,Safe
6,11,0,5,6,11.142857142857142,0.45454545454545453,Safe
6,9,0,4,5,11.0,0.4444444444444444,Safe
8,8,0,7,1,12.914285714285713,0.875,Safe
6,6,0,6,0,13.833333333333334,1.0,Safe
6,8,0,6,2,13.857142857142858,0.75,Safe
6,7,0,6,1,13.714285714285714,0.8571428571428571,Dropout
8,8,0,7,1,12.642857142857142,0.875,Safe
7,7,0,6,1,12.916666666666666,0.8571428571428571,Safe
6,8,0,6,2,15.625,0.75,Safe
5,7,0,0,7,0.0,0.0,Dropout
6,8,0,6,2,11.714285714285714,0.75,Safe
7,10,0,6,4,12.125,0.6,Caution
5,7,0,5,2,11.6,0.7142857142857143,Safe
6,11,0,1,10,10.0,0.09090909090909091,Dropout
6,16,0,1,15,10.0,0.0625,Dropout
5,10,1,0,10,0.0,0.0,Dropout
5,7,0,4,3,13.0,0.5714285714285714,Safe
6,6,0,6,0,13.333333333333334,1.0,Safe
6,9,0,4,5,11.25,0.4444444444444444,Dropout
7,9,0,5,4,13.85,0.5555555555555556,Safe
7,8,0,6,2,13.741666666666667,0.75,Safe
6,7,0,6,1,15.333333333333334,0.8571428571428571,Safe
5,6,0,5,1,11.0,0.8333333333333334,Safe
6,6,0,6,0,12.0,1.0,Safe
5,5,0,0,5,0.0,0.0,Dropout
8,15,0,7,8,11.571428571428571,0.4666666666666667,Safe
6,10,0,6,4,12.857142857142858,0.6,Safe
6,0,0,0,0,0.0,0.0,Dropout
5,5,0,5,0,13.0,1.0,Safe
6,9,0,5,4,11.0,0.5555555555555556,Safe
5,12,0,3,9,12.0,0.25,Dropout
6,6,0,5,1,12.6,0.8333333333333334,Safe
6,8,0,5,3,13.4,0.625,Safe
6,9,0,6,3,11.333333333333334,0.6666666666666666,Safe
5,14,2,4,10,13.5,0.2857142857142857,Dropout
6,11,0,3,8,11.75,0.2727272727272727,Dropout
7,10,0,6,4,12.471428571428572,0.6,Caution
17,19,0,11,8,12.909090909090908,0.5789473684210527,Caution
5,5,0,5,0,11.6,1.0,Safe
5,5,0,0,5,0.0,0.0,Dropout
10,13,0,9,4,12.9,0.6923076923076923,Safe
8,8,0,8,0,13.22,1.0,Safe
8,8,0,7,1,13.151428571428571,0.875,Safe
6,13,0,3,10,12.75,0.23076923076923078,Dropout
6,8,0,6,2,11.333333333333334,0.75,Safe
6,10,0,6,4,13.25,0.6,Safe
6,7,0,5,2,12.4,0.7142857142857143,Caution
6,6,0,6,0,15.0,1.0,Dropout
5,6,0,5,1,14.4,0.8333333333333334,Safe
6,12,0,1,11,11.0,0.08333333333333333,Caution
5,8,0,5,3,12.4,0.625,Safe
7,13,0,1,12,16.0,0.07692307692307693,Dropout
5,10,0,5,5,13.571428571428571,0.5,Safe
6,6,0,6,0,11.833333333333334,1.0,Caution
6,8,0,5,3,11.666666666666666,0.625,Safe
10,16,0,6,10,11.833333333333334,0.375,Dropout
6,8,0,6,2,11.166666666666666,0.75,Safe
6,0,0,0,0,0.0,0.0,Dropout
12,17,0,8,9,11.75,0.47058823529411764,Dropout
6,7,0,6,1,14.0,0.8571428571428571,Safe
6,6,0,6,0,12.833333333333334,1.0,Safe
6,11,0,4,7,12.25,0.36363636363636365,Safe
8,8,0,7,1,14.828571428571427,0.875,Safe
6,7,0,5,2,11.4,0.7142857142857143,Safe
6,6,0,6,0,13.0,1.0,Safe
8,8,0,7,1,13.671428571428573,0.875,Safe
6,9,0,6,3,12.666666666666666,0.6666666666666666,Safe
5,10,0,2,8,10.0,0.2,Dropout
5,10,0,5,5,13.5,0.5,Safe
7,8,0,7,1,12.67,0.875,Safe
6,8,0,6,2,14.5,0.75,Safe
7,7,0,7,0,13.685714285714283,1.0,Safe
6,8,0,5,3,11.0,0.625,Dropout
9,16,4,7,9,11.555555555555555,0.4375,Dropout
7,7,0,7,0,13.79714285714286,1.0,Caution
7,8,0,7,1,14.00375,0.875,Safe
5,8,0,4,4,12.0,0.5,Safe
6,9,0,5,4,14.166666666666666,0.5555555555555556,Safe
5,5,0,5,0,14.0,1.0,Safe
6,7,0,5,2,13.8,0.7142857142857143,Safe
6,8,0,5,3,12.8,0.625,Safe
6,6,0,6,0,12.166666666666666,1.0,Safe
6,8,0,6,2,12.5,0.75,Caution
6,9,0,4,5,12.0,0.4444444444444444,Safe
6,8,0,6,2,10.833333333333334,0.75,Safe
8,8,0,8,0,13.385,1.0,Safe
6,14,0,6,8,15.666666666666666,0.42857142857142855,Safe
6,9,0,6,3,14.333333333333334,0.6666666666666666,Safe
6,10,0,6,4,11.428571428571429,0.6,Caution
6,9,0,6,3,11.666666666666666,0.6666666666666666,Safe
6,9,0,5,4,12.0,0.5555555555555556,Dropout
8,8,0,7,1,14.725714285714288,0.875,Safe
6,6,0,6,0,14.166666666666666,1.0,Safe
6,10,0,6,4,11.571428571428571,0.6,Safe
7,7,0,7,0,12.5,1.0,Safe
8,10,2,8,2,12.86,0.8,Safe
6,10,0,6,4,12.25,0.6,Safe
5,7,0,4,3,12.0,0.5714285714285714,Safe
7,9,0,7,2,15.116666666666667,0.7777777777777778,Safe
5,6,0,2,4,12.5,0.3333333333333333,Dropout
6,11,0,0,11,0.0,0.0,Dropout
6,8,0,4,4,11.0,0.5,Caution
6,8,0,6,2,11.875,0.75,Safe
5,6,0,1,5,11.0,0.16666666666666666,Dropout
5,5,0,5,0,15.2,1.0,Safe
6,7,0,5,2,11.6,0.7142857142857143,Dropout
6,6,0,6,0,14.833333333333334,1.0,Safe
6,12,0,3,9,11.333333333333334,0.25,Dropout
5,5,0,5,0,11.2,1.0,Safe
6,8,0,5,3,13.4,0.625,Safe
5,12,0,2,10,10.5,0.16666666666666666,Dropout
5,5,0,5,0,16.2,1.0,Safe
7,7,0,7,0,14.542857142857144,1.0,Safe
7,7,0,7,0,13.694285714285714,1.0,Safe
6,8,0,6,2,11.285714285714286,0.75,Safe
7,11,0,6,5,11.757142857142856,0.5454545454545454,Caution
3,3,0,0,3,0.0,0.0,Dropout
8,8,0,7,1,13.058571428571428,0.875,Safe
7,7,0,7,0,14.3,1.0,Safe
10,15,0,5,10,11.8,0.3333333333333333,Safe
5,9,1,3,6,10.333333333333334,0.3333333333333333,Caution
6,7,0,6,1,10.571428571428571,0.8571428571428571,Safe
7,7,0,6,1,13.333333333333334,0.8571428571428571,Safe
6,10,0,6,4,11.857142857142858,0.6,Safe
6,9,0,5,4,12.6,0.5555555555555556,Caution
5,11,3,5,6,14.0,0.45454545454545453,Caution
7,12,0,5,7,12.0,0.4166666666666667,Caution
5,6,0,0,6,0.0,0.0,Dropout
6,7,0,6,1,12.0,0.8571428571428571,Safe
6,6,0,6,0,12.666666666666666,1.0,Safe
6,6,0,6,0,12.166666666666666,1.0,Safe
6,6,0,6,0,13.333333333333334,1.0,Safe
7,8,0,7,1,15.0,0.875,Safe
8,8,0,8,0,13.39125,1.0,Safe
6,9,0,5,4,12.166666666666666,0.5555555555555556,Safe
5,9,0,4,5,11.25,0.4444444444444444,Safe
5,13,2,4,9,12.0,0.3076923076923077,Caution
0,0,0,0,0,0.0,0.0,Dropout
6,7,0,6,1,12.833333333333334,0.8571428571428571,Safe
6,10,0,6,4,14.0,0.6,Safe
5,5,0,4,1,13.0,0.8,Caution
6,7,0,6,1,13.5,0.8571428571428571,Safe
16,24,1,13,11,10.692307692307692,0.5416666666666666,Caution
5,6,0,5,1,11.0,0.8333333333333334,Safe
6,8,0,6,2,13.0,0.75,Safe
6,10,0,5,5,12.0,0.5,Caution
6,9,0,4,5,12.6,0.4444444444444444,Dropout
6,6,0,6,0,13.666666666666666,1.0,Safe
0,0,0,0,0,0.0,0.0,Dropout
7,7,0,6,1,14.2,0.8571428571428571,Safe
6,10,0,5,5,11.0,0.5,Dropout
6,7,0,6,1,15.0,0.8571428571428571,Safe
7,9,0,6,3,12.585714285714284,0.6666666666666666,Safe
5,0,0,0,0,0.0,0.0,Dropout
6,6,0,0,6,0.0,0.0,Caution
6,0,0,0,0,0.0,0.0,Dropout
6,7,0,6,1,11.666666666666666,0.8571428571428571,Safe
6,13,0,3,10,12.666666666666666,0.23076923076923078,Dropout
5,10,0,3,7,10.333333333333334,0.3,Caution
11,18,0,8,10,13.5,0.4444444444444444,Safe
7,8,0,5,3,13.98,0.625,Caution
6,13,0,6,7,16.153846153846153,0.46153846153846156,Safe
7,7,0,6,1,14.033333333333331,0.8571428571428571,Safe
5,8,0,1,7,11.0,0.125,Caution
7,8,0,7,1,13.857142857142858,0.875,Safe
8,8,0,7,1,13.414285714285716,0.875,Dropout
11,11,0,11,0,13.545454545454543,1.0,Safe
5,11,0,4,7,11.25,0.36363636363636365,Caution
6,6,0,6,0,13.833333333333334,1.0,Safe
5,8,0,5,3,12.0,0.625,Safe
6,0,0,0,0,0.0,0.0,Dropout
11,14,0,10,4,11.9,0.7142857142857143,Caution
5,5,0,0,5,0.0,0.0,Dropout
7,7,0,7,0,15.135714285714286,1.0,Safe
7,7,0,7,0,12.285714285714286,1.0,Caution
6,16,0,5,11,12.666666666666666,0.3125,Caution
7,13,0,5,8,12.74,0.38461538461538464,Dropout
7,8,0,6,2,13.25,0.75,Caution
6,13,0,3,10,10.333333333333334,0.23076923076923078,Caution
6,7,0,6,1,13.428571428571429,0.8571428571428571,Safe
11,19,0,9,10,12.555555555555555,0.47368421052631576,Safe
6,8,0,6,2,11.5,0.75,Safe
6,6,0,6,0,13.666666666666666,1.0,Safe
14,16,0,11,5,11.272727272727272,0.6875,Safe
6,10,0,5,5,13.166666666666666,0.5,Caution
6,6,0,6,0,14.666666666666666,1.0,Safe
6,11,0,4,7,12.75,0.36363636363636365,Caution
7,11,0,5,6,11.2,0.45454545454545453,Caution
6,8,0,5,3,13.0,0.625,Dropout
5,8,0,2,6,10.5,0.25,Dropout
6,7,0,6,1,14.857142857142858,0.8571428571428571,Safe
8,11,0,7,4,12.86,0.6363636363636364,Safe
11,12,0,11,1,11.727272727272728,0.9166666666666666,Safe
6,11,0,6,5,13.142857142857142,0.5454545454545454,Safe
6,6,0,5,1,11.8,0.8333333333333334,Dropout
5,10,0,3,7,10.666666666666666,0.3,Dropout
6,9,0,5,4,11.6,0.5555555555555556,Caution
6,13,0,3,10,10.333333333333334,0.23076923076923078,Caution
6,11,0,4,7,12.25,0.36363636363636365,Caution
6,6,0,6,0,12.0,1.0,Caution
8,8,0,7,1,14.731428571428571,0.875,Safe
0,0,0,0,0,0.0,0.0,Safe
13,14,1,13,1,13.615384615384617,0.9285714285714286,Safe
5,5,0,5,0,15.8,1.0,Safe
6,6,0,6,0,14.666666666666666,1.0,Safe
5,5,0,0,5,0.0,0.0,Dropout
8,8,0,7,1,14.654285714285717,0.875,Safe
8,8,0,7,1,12.401428571428571,0.875,Safe
7,8,0,7,1,11.5875,0.875,Safe
5,5,0,5,0,14.0,1.0,Safe
6,9,0,6,3,12.333333333333334,0.6666666666666666,Safe
5,5,0,5,0,14.0,1.0,Safe
6,13,0,6,7,15.23076923076923,0.46153846153846156,Safe
6,9,0,5,4,11.6,0.5555555555555556,Dropout
7,7,0,6,1,11.6,0.8571428571428571,Safe
7,0,0,0,0,0.0,0.0,Dropout
7,7,0,7,0,12.901428571428571,1.0,Safe
7,9,0,7,2,14.142857142857142,0.7777777777777778,Safe
6,0,0,0,0,0.0,0.0,Dropout
8,8,0,8,0,13.25375,1.0,Safe
7,7,0,7,0,13.785714285714286,1.0,Safe
7,7,0,6,1,13.916666666666666,0.8571428571428571,Safe
6,8,0,6,2,13.5,0.75,Safe
5,8,0,3,5,11.333333333333334,0.375,Caution
5,8,4,0,8,0.0,0.0,Dropout
6,10,0,5,5,11.5,0.5,Safe
8,8,0,7,1,12.082857142857142,0.875,Safe
6,8,0,6,2,11.833333333333334,0.75,Safe
5,6,0,5,1,13.4,0.8333333333333334,Safe
7,7,2,0,7,0.0,0.0,Dropout
6,7,0,5,2,14.2,0.7142857142857143,Safe
8,8,0,7,1,13.814285714285717,0.875,Safe
6,10,0,4,6,11.25,0.4,Caution
6,6,0,6,0,14.5,1.0,Safe
6,0,0,0,0,0.0,0.0,Dropout
7,7,0,6,1,11.3,0.8571428571428571,Safe
2,2,0,0,2,0.0,0.0,Caution
5,11,0,1,10,12.0,0.09090909090909091,Caution
8,9,0,7,2,12.3,0.7777777777777778,Safe
8,8,0,7,1,12.694285714285714,0.875,Safe
5,5,0,4,1,11.0,0.8,Safe
6,6,0,6,0,13.0,1.0,Safe
7,8,0,7,1,14.4125,0.875,Safe
7,8,0,7,1,12.92875,0.875,Dropout
6,6,0,6,0,13.333333333333334,1.0,Safe
6,8,0,5,3,12.8,0.625,Caution
8,8,0,7,1,14.402857142857142,0.875,Safe
8,8,0,7,1,13.381428571428572,0.875,Safe
7,8,0,7,1,14.13125,0.875,Safe
5,11,2,5,6,11.714285714285714,0.45454545454545453,Safe
5,5,0,5,0,11.8,1.0,Caution
6,9,0,6,3,11.166666666666666,0.6666666666666666,Safe
6,7,0,0,7,0.0,0.0,Dropout
6,9,0,5,4,13.6,0.5555555555555556,Dropout
12,14,0,12,2,13.846153846153848,0.8571428571428571,Safe
6,7,0,6,1,12.5,0.8571428571428571,Safe
5,5,0,5,0,16.4,1.0,Safe
11,11,0,11,0,13.818181818181818,1.0,Safe
6,8,0,5,3,10.6,0.625,Safe
5,8,0,5,3,10.2,0.625,Safe
6,11,0,5,6,10.6,0.45454545454545453,Caution
10,10,0,9,1,11.444444444444445,0.9,Dropout
6,9,0,5,4,14.333333333333334,0.5555555555555556,Caution
16,18,0,16,2,13.0,0.8888888888888888,Safe
8,9,1,8,1,13.31,0.8888888888888888,Safe
6,10,1,5,5,10.571428571428571,0.5,Safe
8,8,0,7,1,13.487142857142857,0.875,Safe
6,6,0,6,0,12.333333333333334,1.0,Safe
6,11,0,6,5,11.875,0.5454545454545454,Dropout
7,7,0,6,1,13.966666666666669,0.8571428571428571,Safe
5,10,0,0,10,0.0,0.0,Dropout
5,8,0,4,4,11.5,0.5,Safe
2,2,0,2,0,12.5,1.0,Dropout
7,0,0,0,0,0.0,0.0,Dropout
7,10,0,6,4,11.98,0.6,Safe
6,8,0,5,3,13.2,0.625,Caution
7,10,0,6,4,11.614285714285714,0.6,Safe
8,8,0,7,1,14.314285714285717,0.875,Safe
7,0,0,0,0,0.0,0.0,Dropout
6,9,0,6,3,12.666666666666666,0.6666666666666666,Caution
7,9,0,6,3,12.766666666666666,0.6666666666666666,Safe
6,7,0,6,1,12.666666666666666,0.8571428571428571,Safe
6,7,0,6,1,11.5,0.8571428571428571,Dropout
6,13,0,5,8,11.4,0.38461538461538464,Dropout
7,8,0,7,1,14.70625,0.875,Safe
7,9,0,6,3,11.814285714285717,0.6666666666666666,Safe
6,8,1,6,2,13.0,0.75,Safe
6,7,0,6,1,14.857142857142858,0.8571428571428571,Safe
7,7,0,6,1,12.6,0.8571428571428571,Safe
6,9,0,5,4,13.333333333333334,0.5555555555555556,Caution
7,10,0,6,4,10.666666666666666,0.6,Caution
5,6,0,2,4,11.5,0.3333333333333333,Dropout
7,9,0,1,8,10.0,0.1111111111111111,Dropout
6,10,0,5,5,11.8,0.5,Safe
6,7,0,5,2,11.8,0.7142857142857143,Safe
8,8,0,8,0,12.77125,1.0,Safe
5,13,2,3,10,11.333333333333334,0.23076923076923078,Caution
6,6,0,6,0,12.666666666666666,1.0,Safe
6,10,1,5,5,12.2,0.5,Caution
5,9,1,1,8,12.0,0.1111111111111111,Dropout
8,12,0,7,5,11.721428571428572,0.5833333333333334,Safe
7,12,0,4,8,14.0,0.3333333333333333,Caution
7,9,0,7,2,14.75,0.7777777777777778,Caution
6,6,0,6,0,12.666666666666666,1.0,Safe
5,12,2,4,8,13.0,0.3333333333333333,Dropout
5,6,0,0,6,0.0,0.0,Dropout
6,8,0,4,4,10.75,0.5,Caution
5,5,0,0,5,0.0,0.0,Dropout
5,6,0,4,2,12.5,0.6666666666666666,Safe
4,4,0,0,4,0.0,0.0,Dropout
5,5,0,0,5,0.0,0.0,Dropout
6,0,0,0,0,0.0,0.0,Dropout
6,7,0,6,1,12.5,0.8571428571428571,Safe
6,10,0,5,5,12.8,0.5,Dropout
6,11,0,1,10,10.0,0.09090909090909091,Dropout
6,11,0,4,7,11.25,0.36363636363636365,Dropout
8,8,0,7,1,12.61,0.875,Safe
5,14,2,2,12,12.0,0.14285714285714285,Safe
6,9,0,5,4,13.0,0.5555555555555556,Safe
5,9,0,4,5,12.0,0.4444444444444444,Safe
7,8,0,4,4,12.0,0.5,Dropout
5,12,0,1,11,12.0,0.08333333333333333,Dropout
5,9,0,1,8,12.0,0.1111111111111111,Caution
0,0,0,0,0,0.0,0.0,Safe
5,5,0,0,5,0.0,0.0,Dropout
6,11,0,5,6,13.625,0.45454545454545453,Dropout
5,12,0,3,9,11.666666666666666,0.25,Caution
6,0,0,0,0,0.0,0.0,Dropout
8,8,0,7,1,11.69,0.875,Safe
6,11,6,0,11,0.0,0.0,Dropout
0,0,0,0,0,0.0,0.0,Safe
5,10,0,4,6,11.5,0.4,Safe
5,10,0,1,9,14.0,0.1,Dropout
6,7,0,5,2,11.0,0.7142857142857143,Safe
6,7,0,6,1,12.857142857142858,0.8571428571428571,Safe
6,9,0,4,5,12.5,0.4444444444444444,Dropout
7,7,0,7,0,14.528571428571428,1.0,Safe
5,8,0,5,3,10.0,0.625,Caution
6,8,0,6,2,13.0,0.75,Safe
7,7,0,7,0,15.957142857142856,1.0,Safe
5,6,0,5,1,13.2,0.8333333333333334,Caution
5,9,0,4,5,10.2,0.4444444444444444,Caution
5,6,0,5,1,14.2,0.8333333333333334,Caution
6,8,0,6,2,12.625,0.75,Caution
8,11,1,6,5,13.496666666666668,0.5454545454545454,Caution
5,8,0,5,3,13.25,0.625,Safe
5,12,0,3,9,12.0,0.25,Dropout
6,10,0,4,6,13.0,0.4,Dropout
11,12,0,9,3,11.77777777777778,0.75,Dropout
5,10,0,2,8,11.0,0.2,Dropout
5,14,0,0,14,0.0,0.0,Dropout
14,16,0,14,2,12.428571428571429,0.875,Dropout
5,8,0,3,5,11.0,0.375,Caution
0,0,0,0,0,0.0,0.0,Safe
6,12,0,3,9,11.5,0.25,Caution
8,8,0,8,0,12.5075,1.0,Safe
12,18,0,11,7,12.090909090909092,0.6111111111111112,Safe
5,14,3,2,12,11.0,0.14285714285714285,Caution
5,13,0,1,12,10.0,0.07692307692307693,Dropout
6,6,0,6,0,13.5,1.0,Safe
6,6,0,6,0,14.166666666666666,1.0,Safe
6,7,0,6,1,14.0,0.8571428571428571,Safe
3,4,0,0,4,0.0,0.0,Dropout
5,9,0,3,6,11.666666666666666,0.3333333333333333,Dropout
5,7,1,5,2,14.6,0.7142857142857143,Safe
6,10,0,5,5,13.0,0.5,Safe
6,7,0,6,1,12.166666666666666,0.8571428571428571,Safe
5,9,0,0,9,0.0,0.0,Dropout
5,10,0,3,7,10.5,0.3,Dropout
5,14,0,3,11,12.4,0.21428571428571427,Caution
0,0,0,0,0,0.0,0.0,Safe
5,12,4,0,12,0.0,0.0,Dropout
8,8,0,7,1,13.828571428571427,0.875,Safe
5,7,0,5,2,10.6,0.7142857142857143,Caution
6,7,0,6,1,11.5,0.8571428571428571,Safe
6,6,0,4,2,13.5,0.6666666666666666,Safe
6,12,0,0,12,0.0,0.0,Dropout
7,8,0,7,1,12.5375,0.875,Safe
6,6,0,6,0,14.833333333333334,1.0,Caution
5,10,0,4,6,12.0,0.4,Safe
6,8,0,5,3,11.8,0.625,Safe
5,5,0,5,0,15.0,1.0,Safe
5,7,0,3,4,12.0,0.42857142857142855,Safe
6,6,0,6,0,12.833333333333334,1.0,Safe
6,12,0,6,6,11.666666666666666,0.5,Safe
7,9,0,7,2,12.1625,0.7777777777777778,Safe
6,6,0,6,0,13.833333333333334,1.0,Safe
7,12,0,4,8,12.45,0.3333333333333333,Caution
6,9,0,6,3,12.125,0.6666666666666666,Safe
6,8,0,5,3,13.4,0.625,Caution
6,8,0,6,2,13.333333333333334,0.75,Caution
15,15,0,11,4,11.454545454545457,0.7333333333333333,Dropout
6,10,0,4,6,12.0,0.4,Dropout
7,8,0,6,2,12.666666666666666,0.75,Dropout
6,7,0,6,1,12.666666666666666,0.8571428571428571,Safe
18,22,1,18,4,11.88888888888889,0.8181818181818182,Safe
6,0,0,0,0,0.0,0.0,Dropout
6,6,0,4,2,13.0,0.6666666666666666,Dropout
7,7,0,7,0,16.885714285714283,1.0,Safe
6,6,0,6,0,12.5,1.0,Safe
7,9,0,7,2,13.055555555555555,0.7777777777777778,Safe
0,0,0,0,0,0.0,0.0,Dropout
5,7,0,0,7,0.0,0.0,Dropout
8,8,0,7,1,12.355714285714283,0.875,Safe
6,0,0,0,0,0.0,0.0,Dropout
7,8,0,5,3,11.98,0.625,Caution
7,7,0,7,0,13.857142857142858,1.0,Safe
6,9,0,5,4,13.0,0.5555555555555556,Safe
6,6,0,6,0,12.833333333333334,1.0,Safe
5,11,0,4,7,11.0,0.36363636363636365,Caution
8,8,0,7,1,12.357142857142858,0.875,Safe
8,8,0,7,1,13.857142857142858,0.875,Safe
6,6,0,6,0,12.333333333333334,1.0,Safe
7,8,0,7,1,12.847142857142858,0.875,Safe
7,9,0,6,3,12.339999999999998,0.6666666666666666,Safe
6,10,0,5,5,12.666666666666666,0.5,Caution
6,6,0,6,0,13.833333333333334,1.0,Safe
5,15,0,2,13,10.75,0.13333333333333333,Dropout
6,11,0,4,7,13.25,0.36363636363636365,Dropout
8,8,0,8,0,13.73125,1.0,Safe
6,6,0,6,0,13.333333333333334,1.0,Dropout
6,8,0,5,3,12.0,0.625,Dropout
9,10,0,9,1,10.88888888888889,0.9,Safe
7,8,0,7,1,13.025,0.875,Safe
6,6,0,6,0,13.0,1.0,Safe
6,10,0,5,5,11.8,0.5,Safe
8,8,0,7,1,12.042857142857144,0.875,Safe
6,9,0,5,4,12.2,0.5555555555555556,Caution
7,8,0,7,1,12.8375,0.875,Safe
7,13,0,7,6,11.0,0.5384615384615384,Safe
6,7,0,6,1,13.5,0.8571428571428571,Safe
6,8,0,6,2,12.125,0.75,Safe
8,12,0,7,5,12.62857142857143,0.5833333333333334,Safe
5,9,0,3,6,10.666666666666666,0.3333333333333333,Caution
6,11,0,5,6,11.2,0.45454545454545453,Safe
6,6,0,6,0,12.666666666666666,1.0,Dropout
6,7,0,4,3,13.5,0.5714285714285714,Dropout
5,9,0,3,6,11.666666666666666,0.3333333333333333,Caution
5,8,0,2,6,10.5,0.25,Caution
8,8,0,8,0,14.26875,1.0,Caution
6,0,0,0,0,0.0,0.0,Dropout
5,8,0,2,6,10.5,0.25,Caution
6,11,0,5,6,11.2,0.45454545454545453,Caution
5,5,0,5,0,12.0,1.0,Safe
7,9,0,7,2,12.228571428571428,0.7777777777777778,Safe
5,6,0,4,2,11.5,0.6666666666666666,Safe
6,8,0,6,2,15.375,0.75,Safe
12,19,0,9,10,13.666666666666666,0.47368421052631576,Caution
8,11,0,7,4,12.614285714285714,0.6363636363636364,Safe
6,7,0,5,2,12.2,0.7142857142857143,Safe
6,13,0,4,9,11.75,0.3076923076923077,Safe
6,9,0,5,4,11.4,0.5555555555555556,Caution
6,10,0,5,5,10.6,0.5,Caution
16,16,0,13,3,10.923076923076923,0.8125,Safe
6,6,0,5,1,12.4,0.8333333333333334,Safe
6,6,0,0,6,0.0,0.0,Dropout
6,6,0,6,0,15.833333333333334,1.0,Safe
7,12,0,5,7,11.8,0.4166666666666667,Caution
6,7,0,6,1,12.571428571428571,0.8571428571428571,Safe
5,7,0,3,4,12.0,0.42857142857142855,Safe
7,8,0,7,1,13.3625,0.875,Safe
5,6,0,5,1,15.4,0.8333333333333334,Safe
6,9,0,5,4,12.2,0.5555555555555556,Dropout
11,11,0,11,0,12.818181818181818,1.0,Safe
7,0,0,0,0,0.0,0.0,Dropout
17,21,0,17,4,13.394736842105264,0.8095238095238095,Safe
6,8,0,6,2,14.25,0.75,Safe
11,19,1,9,10,13.444444444444445,0.47368421052631576,Dropout
7,8,0,7,1,12.285714285714286,0.875,Safe
6,7,0,6,1,11.666666666666666,0.8571428571428571,Safe
6,8,0,6,2,12.166666666666666,0.75,Safe
6,11,0,2,9,10.0,0.18181818181818182,Dropout
6,6,0,6,0,14.0,1.0,Safe
6,9,0,5,4,11.833333333333334,0.5555555555555556,Caution
6,7,0,1,6,15.0,0.14285714285714285,Dropout
0,0,0,0,0,0.0,0.0,Safe
6,7,0,6,1,10.833333333333334,0.8571428571428571,Safe
6,7,0,6,1,13.142857142857142,0.8571428571428571,Safe
5,8,1,5,3,14.4,0.625,Dropout
6,0,0,0,0,0.0,0.0,Dropout
12,17,0,7,10,12.0,0.4117647058823529,Safe
10,13,0,9,4,12.2,0.6923076923076923,Safe
3,3,0,3,0,12.333333333333334,1.0,Dropout
7,8,0,7,1,11.8375,0.875,Safe
5,5,0,5,0,11.8,1.0,Safe
5,5,0,0,5,0.0,0.0,Dropout
6,0,0,0,0,0.0,0.0,Dropout
19,19,0,19,0,12.68421052631579,1.0,Safe
6,8,0,6,2,12.571428571428571,0.75,Caution
7,18,0,3,15,11.25,0.16666666666666666,Dropout
5,13,3,4,9,14.0,0.3076923076923077,Safe
5,15,0,4,11,13.333333333333334,0.26666666666666666,Dropout
6,7,0,6,1,13.666666666666666,0.8571428571428571,Safe
6,12,0,3,9,10.0,0.25,Caution
6,12,0,5,7,12.6,0.4166666666666667,Safe
5,10,0,3,7,17.333333333333332,0.3,Dropout
6,10,0,5,5,13.2,0.5,Caution
5,9,0,3,6,14.0,0.3333333333333333,Dropout
4,4,0,4,0,13.875,1.0,Dropout
5,5,0,0,5,0.0,0.0,Dropout
9,9,0,9,0,13.11111111111111,1.0,Safe
5,8,0,5,3,13.0,0.625,Dropout
10,10,0,10,0,12.5,1.0,Safe
18,18,0,18,0,14.11111111111111,1.0,Safe
11,11,0,11,0,14.727272727272728,1.0,Safe
6,6,0,0,6,0.0,0.0,Dropout
5,5,0,0,5,0.0,0.0,Dropout
5,5,0,0,5,0.0,0.0,Dropout
5,7,0,4,3,13.5,0.5714285714285714,Safe
8,8,0,7,1,13.105714285714283,0.875,Safe
5,8,2,5,3,13.5,0.625,Safe
13,18,0,13,5,11.846153846153848,0.7222222222222222,Safe
5,5,0,0,5,0.0,0.0,Dropout
6,11,0,3,8,14.333333333333334,0.2727272727272727,Dropout
5,10,0,5,5,15.8,0.5,Caution
6,16,0,5,11,13.8,0.3125,Caution
10,18,0,6,12,12.666666666666666,0.3333333333333333,Dropout
6,10,0,6,4,13.0,0.6,Caution
0,0,0,0,0,0.0,0.0,Safe
6,6,0,1,5,11.0,0.16666666666666666,Dropout
5,9,4,0,9,0.0,0.0,Dropout
7,7,0,7,0,15.2,1.0,Safe
6,7,0,6,1,14.428571428571429,0.8571428571428571,Safe
5,5,0,0,5,0.0,0.0,Dropout
0,0,0,0,0,0.0,0.0,Safe
6,13,0,4,9,13.75,0.3076923076923077,Caution
6,11,0,5,6,12.166666666666666,0.45454545454545453,Dropout
6,12,0,5,7,12.142857142857142,0.4166666666666667,Safe
6,9,0,6,3,12.0,0.6666666666666666,Safe
5,10,1,3,7,11.666666666666666,0.3,Safe
6,9,0,0,9,0.0,0.0,Dropout
6,10,0,6,4,11.875,0.6,Safe
11,15,0,7,8,11.285714285714286,0.4666666666666667,Caution
6,17,0,2,15,10.0,0.11764705882352941,Dropout
12,13,0,11,2,12.0,0.8461538461538461,Caution
7,7,0,6,1,13.833333333333334,0.8571428571428571,Dropout
6,0,0,0,0,0.0,0.0,Dropout
6,7,0,6,1,14.428571428571429,0.8571428571428571,Safe
7,8,0,5,3,14.2,0.625,Dropout
5,8,0,4,4,11.5,0.5,Dropout
6,7,0,5,2,13.0,0.7142857142857143,Safe
6,6,0,0,6,0.0,0.0,Dropout
6,12,0,3,9,11.333333333333334,0.25,Dropout
18,45,12,18,27,12.5,0.4,Safe
5,5,0,0,5,0.0,0.0,Dropout
7,7,0,7,0,13.471428571428572,1.0,Safe
5,5,0,4,1,11.75,0.8,Safe
6,9,0,6,3,13.333333333333334,0.6666666666666666,Safe
8,8,0,8,0,13.105,1.0,Safe
5,5,0,0,5,0.0,0.0,Dropout
6,6,0,6,0,15.5,1.0,Safe
0,0,0,0,0,0.0,0.0,Dropout
6,6,0,4,2,11.25,0.6666666666666666,Dropout
15,24,0,12,12,11.0,0.5,Dropout
6,10,0,6,4,12.333333333333334,0.6,Safe
9,18,2,8,10,11.375,0.4444444444444444,Safe
18,19,0,18,1,12.22222222222222,0.9473684210526315,Safe
0,0,0,0,0,0.0,0.0,Caution
9,11,0,9,2,12.0,0.8181818181818182,Safe
5,10,0,1,9,11.0,0.1,Caution
16,17,0,16,1,14.125,0.9411764705882353,Safe
5,8,0,5,3,10.2,0.625,Caution
5,7,1,4,3,12.0,0.5714285714285714,Caution
9,11,0,9,2,12.333333333333334,0.8181818181818182,Safe
9,9,0,9,0,14.333333333333334,1.0,Safe
6,6,0,6,0,15.166666666666666,1.0,Safe
6,8,0,6,2,15.142857142857142,0.75,Safe
6,0,0,0,0,0.0,0.0,Dropout
7,9,0,6,3,13.411428571428573,0.6666666666666666,Caution
6,7,0,6,1,12.333333333333334,0.8571428571428571,Safe
6,13,0,4,9,11.8,0.3076923076923077,Caution
6,9,0,6,3,12.0,0.6666666666666666,Dropout
6,7,0,6,1,15.0,0.8571428571428571,Safe
12,12,0,8,4,13.875,0.6666666666666666,Dropout
7,9,0,6,3,11.833333333333334,0.6666666666666666,Caution
6,6,0,6,0,12.5,1.0,Safe
6,6,0,6,0,15.0,1.0,Safe
6,10,0,2,8,11.666666666666666,0.2,Dropout
7,10,0,7,3,14.668,0.7,Safe
8,9,2,6,3,13.345,0.6666666666666666,Caution
6,7,0,5,2,12.8,0.7142857142857143,Safe
6,10,0,6,4,10.833333333333334,0.6,Safe
6,6,0,6,0,13.666666666666666,1.0,Safe
8,8,0,7,1,14.537142857142856,0.875,Safe
5,5,0,5,0,14.4,1.0,Dropout
0,0,0,0,0,0.0,0.0,Safe
6,6,0,6,0,13.166666666666666,1.0,Safe
6,15,0,2,13,11.5,0.13333333333333333,Dropout
6,7,0,6,1,11.333333333333334,0.8571428571428571,Safe
6,6,0,6,0,12.0,1.0,Safe
6,6,0,6,0,13.166666666666666,1.0,Safe
6,6,0,6,0,14.833333333333334,1.0,Safe
7,7,0,7,0,13.0,1.0,Safe
7,8,0,7,1,13.087142857142856,0.875,Safe
6,8,0,6,2,13.333333333333334,0.75,Safe
6,7,0,6,1,12.166666666666666,0.8571428571428571,Caution
6,8,0,6,2,11.0,0.75,Caution
6,0,0,0,0,0.0,0.0,Dropout
5,7,0,5,2,13.6,0.7142857142857143,Safe
6,6,0,6,0,15.5,1.0,Safe
7,7,0,7,0,13.857142857142858,1.0,Safe
5,10,0,2,8,11.5,0.2,Caution
6,6,0,6,0,13.0,1.0,Safe
6,10,0,6,4,14.0,0.6,Caution
4,4,0,0,4,0.0,0.0,Dropout
6,6,0,6,0,11.166666666666666,1.0,Caution
6,0,0,0,0,0.0,0.0,Dropout
7,8,0,7,1,12.142857142857142,0.875,Safe
7,7,0,7,0,14.145714285714286,1.0,Safe
7,7,0,7,0,14.45,1.0,Safe
7,7,0,7,0,15.714285714285714,1.0,Safe
5,9,0,5,4,12.8,0.5555555555555556,Caution
6,6,0,6,0,12.5,1.0,Caution
6,6,0,6,0,14.5,1.0,Safe
7,7,0,7,0,13.462857142857144,1.0,Caution
6,6,0,6,0,12.833333333333334,1.0,Safe
5,10,0,5,5,12.0,0.5,Safe
0,0,0,0,0,0.0,0.0,Safe
7,9,0,6,3,14.714285714285714,0.6666666666666666,Caution
6,7,0,6,1,12.571428571428571,0.8571428571428571,Safe
6,6,0,6,0,12.5,1.0,Safe
6,8,0,6,2,14.0,0.75,Safe
7,8,0,7,1,11.571428571428571,0.875,Dropout
6,6,0,6,0,15.833333333333334,1.0,Safe
8,8,0,8,0,14.25,1.0,Safe
6,0,0,0,0,0.0,0.0,Dropout
6,8,0,6,2,11.666666666666666,0.75,Dropout
6,12,0,0,12,0.0,0.0,Dropout
5,9,2,5,4,13.2,0.5555555555555556,Caution
6,11,1,2,9,12.0,0.18181818181818182,Dropout
5,6,0,0,6,0.0,0.0,Dropout
5,9,0,4,5,12.0,0.4444444444444444,Caution
5,10,0,3,7,13.333333333333334,0.3,Dropout
7,11,0,5,6,12.414285714285713,0.45454545454545453,Caution
5,5,0,0,5,0.0,0.0,Dropout
5,5,0,5,0,13.8,1.0,Safe
5,14,0,0,14,0.0,0.0,Dropout
5,10,0,4,6,11.5,0.4,Caution
5,11,4,0,11,0.0,0.0,Dropout
7,7,0,6,1,14.016666666666666,0.8571428571428571,Safe
6,9,0,5,4,11.4,0.5555555555555556,Safe
0,0,0,0,0,0.0,0.0,Dropout
5,12,0,5,7,10.4,0.4166666666666667,Safe
5,11,0,3,8,10.666666666666666,0.2727272727272727,Safe
5,9,0,4,5,14.25,0.4444444444444444,Caution
7,7,0,7,0,13.914285714285713,1.0,Safe
7,9,0,7,2,13.761111111111113,0.7777777777777778,Safe
6,10,0,5,5,12.6,0.5,Caution
6,7,0,6,1,13.857142857142858,0.8571428571428571,Safe
8,8,0,7,1,13.842857142857143,0.875,Safe
5,12,0,0,12,0.0,0.0,Caution
6,6,0,5,1,11.8,0.8333333333333334,Dropout
6,6,0,6,0,12.666666666666666,1.0,Dropout
6,6,0,0,6,0.0,0.0,Dropout
5,7,0,0,7,0.0,0.0,Dropout
6,11,0,4,7,10.75,0.36363636363636365,Dropout
5,7,0,5,2,12.6,0.7142857142857143,Dropout
5,5,0,0,5,0.0,0.0,Dropout
7,7,0,2,5,12.0,0.2857142857142857,Dropout
6,7,0,3,4,14.0,0.42857142857142855,Dropout
6,6,0,6,0,14.0,1.0,Dropout
7,7,0,7,0,14.682857142857143,1.0,Safe
3,3,3,0,3,0.0,0.0,Dropout
5,6,0,0,6,0.0,0.0,Dropout
6,7,0,6,1,13.857142857142858,0.8571428571428571,Safe
0,0,0,0,0,0.0,0.0,Safe
6,8,0,6,2,13.142857142857142,0.75,Safe
5,14,0,1,13,18.0,0.07142857142857142,Dropout
15,15,0,13,2,11.461538461538462,0.8666666666666667,Safe
7,14,0,5,9,11.2,0.35714285714285715,Caution
6,6,0,5,1,15.0,0.8333333333333334,Safe
7,9,0,7,2,14.244444444444444,0.7777777777777778,Safe
6,8,0,4,4,11.5,0.5,Dropout
7,7,0,2,5,10.0,0.2857142857142857,Dropout
5,7,0,3,4,12.333333333333334,0.42857142857142855,Safe
7,8,0,5,3,12.2,0.625,Dropout
6,6,0,6,0,13.666666666666666,1.0,Safe
0,0,0,0,0,0.0,0.0,Safe
6,15,0,1,14,11.0,0.06666666666666667,Dropout
6,8,0,3,5,13.0,0.375,Dropout
8,12,0,7,5,12.599999999999998,0.5833333333333334,Safe
10,11,0,10,1,12.2,0.9090909090909091,Safe
6,6,0,6,0,13.166666666666666,1.0,Safe
7,16,0,6,10,11.0,0.375,Safe
7,7,0,7,0,14.014285714285714,1.0,Safe
6,9,0,4,5,13.0,0.4444444444444444,Safe
6,6,0,6,0,14.0,1.0,Safe
0,0,0,0,0,0.0,0.0,Dropout
8,8,0,7,1,14.428571428571429,0.875,Safe
5,9,0,0,9,0.0,0.0,Dropout
18,45,10,18,27,11.833333333333334,0.4,Safe
5,12,0,3,9,11.333333333333334,0.25,Dropout
6,9,0,6,3,12.5,0.6666666666666666,Safe
12,12,0,12,0,13.333333333333334,1.0,Safe
6,10,0,6,4,10.833333333333334,0.6,Caution
6,6,0,6,0,13.0,1.0,Safe
5,7,0,2,5,10.0,0.2857142857142857,Dropout
6,8,0,6,2,11.428571428571429,0.75,Safe
8,8,0,8,0,12.8875,1.0,Safe
7,7,0,6,1,12.95,0.8571428571428571,Safe
5,12,2,1,11,10.0,0.08333333333333333,Dropout
7,7,0,7,0,13.094285714285714,1.0,Safe
6,7,0,0,7,0.0,0.0,Dropout
6,12,0,5,7,11.714285714285714,0.4166666666666667,Safe
6,8,0,4,4,11.25,0.5,Caution
0,0,0,0,0,0.0,0.0,Dropout
6,6,0,6,0,13.166666666666666,1.0,Safe
5,7,0,4,3,12.75,0.5714285714285714,Safe
5,6,0,5,1,10.6,0.8333333333333334,Dropout
6,8,0,5,3,11.2,0.625,Safe
7,0,0,0,0,0.0,0.0,Dropout
6,6,0,6,0,13.0,1.0,Safe
5,10,0,0,10,0.0,0.0,Dropout
6,0,0,0,0,0.0,0.0,Dropout
6,8,0,6,2,14.166666666666666,0.75,Safe
6,10,0,5,5,12.833333333333334,0.5,Safe
6,11,0,4,7,11.75,0.36363636363636365,Safe
6,8,0,6,2,10.833333333333334,0.75,Safe
6,8,0,4,4,11.75,0.5,Dropout
7,14,0,3,11,11.5,0.21428571428571427,Dropout
5,14,0,2,12,10.0,0.14285714285714285,Caution
7,7,0,6,1,13.7,0.8571428571428571,Safe
5,8,2,1,7,14.0,0.125,Dropout
8,12,0,7,5,11.375,0.5833333333333334,Caution
6,17,0,0,17,0.0,0.0,Caution
6,10,4,0,10,0.0,0.0,Dropout
5,9,0,1,8,11.0,0.1111111111111111,Caution
7,10,0,6,4,13.0,0.6,Safe
11,15,0,8,7,13.6,0.5333333333333333,Safe
5,8,0,3,5,11.0,0.375,Dropout
8,11,0,7,4,11.705714285714285,0.6363636363636364,Caution
12,12,0,12,0,13.25,1.0,Safe
7,15,0,1,14,10.75,0.06666666666666667,Dropout
6,8,0,6,2,12.0,0.75,Caution
6,7,0,6,1,12.666666666666666,0.8571428571428571,Caution
6,8,0,5,3,11.4,0.625,Dropout
6,6,0,6,0,13.0,1.0,Safe
6,8,0,6,2,14.0,0.75,Safe
6,11,0,0,11,0.0,0.0,Caution
6,0,0,0,0,0.0,0.0,Dropout
7,7,0,7,0,15.285714285714286,1.0,Safe
6,6,0,6,0,13.166666666666666,1.0,Safe
5,7,0,5,2,13.6,0.7142857142857143,Safe
4,8,0,0,8,0.0,0.0,Dropout
10,12,0,10,2,11.4,0.8333333333333334,Safe
5,0,0,0,0,0.0,0.0,Dropout
5,7,0,5,2,11.0,0.7142857142857143,Safe
5,9,0,0,9,0.0,0.0,Dropout
6,7,0,6,1,13.571428571428571,0.8571428571428571,Safe
7,0,0,0,0,0.0,0.0,Dropout
10,14,0,4,10,11.25,0.2857142857142857,Dropout
5,6,0,3,3,13.333333333333334,0.5,Dropout
6,6,0,6,0,12.0,1.0,Safe
6,6,0,6,0,12.5,1.0,Safe
5,6,0,5,1,13.2,0.8333333333333334,Safe
5,5,0,0,5,0.0,0.0,Dropout
5,7,0,3,4,11.666666666666666,0.42857142857142855,Dropout
15,16,1,15,1,13.466666666666669,0.9375,Safe
5,7,0,3,4,13.666666666666666,0.42857142857142855,Safe
5,9,0,2,7,11.666666666666666,0.2222222222222222,Caution
6,7,0,6,1,11.666666666666666,0.8571428571428571,Safe
6,9,0,5,4,13.4,0.5555555555555556,Safe
5,5,0,0,5,0.0,0.0,Dropout
6,9,0,0,9,0.0,0.0,Dropout
5,5,0,0,5,0.0,0.0,Dropout
5,6,0,3,3,10.666666666666666,0.5,Caution
5,5,0,4,1,13.75,0.8,Safe
5,5,0,1,4,10.0,0.2,Dropout
5,11,0,0,11,0.0,0.0,Dropout
2,4,0,1,3,16.0,0.25,Safe
5,9,0,5,4,12.285714285714286,0.5555555555555556,Safe
5,10,0,3,7,12.0,0.3,Caution
7,7,1,6,1,12.666666666666666,0.8571428571428571,Safe
5,6,0,5,1,11.8,0.8333333333333334,Safe
5,6,0,5,1,10.6,0.8333333333333334,Dropout
11,16,0,9,7,11.9,0.5625,Safe
6,8,0,4,4,11.25,0.5,Dropout
5,9,0,4,5,11.0,0.4444444444444444,Caution
6,6,0,6,0,12.0,1.0,Safe
5,10,0,4,6,11.75,0.4,Caution
5,8,0,2,6,10.0,0.25,Dropout
8,8,0,7,1,13.714285714285714,0.875,Safe
6,14,0,6,8,14.875,0.42857142857142855,Safe
6,7,1,5,2,10.8,0.7142857142857143,Dropout
6,11,0,3,8,12.0,0.2727272727272727,Dropout
6,10,0,5,5,12.5,0.5,Dropout
7,7,0,7,0,14.728571428571428,1.0,Safe
6,8,0,6,2,12.0,0.75,Safe
6,8,0,6,2,11.428571428571429,0.75,Dropout
6,6,0,6,0,14.166666666666666,1.0,Safe
6,12,0,5,7,12.5,0.4166666666666667,Safe
6,6,0,6,0,14.166666666666666,1.0,Safe
7,10,0,5,5,14.46,0.5,Caution
6,12,0,5,7,12.8,0.4166666666666667,Caution
6,8,0,6,2,12.666666666666666,0.75,Safe
6,6,0,6,0,12.5,1.0,Dropout
6,0,0,0,0,0.0,0.0,Dropout
6,0,0,0,0,0.0,0.0,Dropout
0,0,0,0,0,0.0,0.0,Safe
5,8,0,5,3,11.2,0.625,Safe
6,6,0,6,0,16.5,1.0,Dropout
5,9,1,3,6,13.666666666666666,0.3333333333333333,Safe
8,8,0,7,1,15.228571428571428,0.875,Safe
9,10,0,9,1,12.77777777777778,0.9,Safe
8,8,0,7,1,14.428571428571429,0.875,Safe
6,8,0,6,2,13.875,0.75,Safe
7,10,0,7,3,13.128,0.7,Safe
7,9,0,6,3,11.605,0.6666666666666666,Safe
5,5,0,5,0,14.6,1.0,Safe
6,0,0,0,0,0.0,0.0,Dropout
5,6,0,5,1,11.8,0.8333333333333334,Safe
6,6,0,6,0,12.333333333333334,1.0,Safe
5,5,0,4,1,11.0,0.8,Dropout
11,11,0,11,0,13.181818181818182,1.0,Safe
6,6,0,1,5,11.0,0.16666666666666666,Dropout
6,6,0,6,0,11.833333333333334,1.0,Safe
8,8,0,8,0,12.98125,1.0,Safe
7,10,0,6,4,11.333333333333334,0.6,Safe
8,12,0,6,6,11.68,0.5,Safe
6,6,0,6,0,14.5,1.0,Safe
7,7,0,7,0,13.142857142857142,1.0,Safe
5,8,0,2,6,11.5,0.25,Dropout
5,6,0,5,1,14.2,0.8333333333333334,Safe
6,8,0,5,3,11.666666666666666,0.625,Safe
7,8,0,7,1,13.175,0.875,Safe
8,8,0,7,1,13.314285714285717,0.875,Safe
5,13,0,3,10,10.6,0.23076923076923078,Safe
6,11,0,4,7,12.0,0.36363636363636365,Caution
6,7,0,6,1,13.428571428571429,0.8571428571428571,Safe
5,7,0,4,3,13.25,0.5714285714285714,Safe
6,6,0,2,4,13.0,0.3333333333333333,Dropout
6,6,0,6,0,14.333333333333334,1.0,Caution
6,0,0,0,0,0.0,0.0,Dropout
6,6,0,6,0,14.0,1.0,Safe
2,2,0,2,0,12.0,1.0,Safe
6,9,0,5,4,12.333333333333334,0.5555555555555556,Caution
6,8,0,5,3,11.8,0.625,Safe
8,8,1,7,1,12.791428571428572,0.875,Safe
8,8,0,8,0,11.625,1.0,Safe
7,11,0,6,5,11.994444444444444,0.5454545454545454,Safe
6,9,0,5,4,11.6,0.5555555555555556,Safe
5,5,0,0,5,0.0,0.0,Dropout
6,8,0,6,2,13.166666666666666,0.75,Dropout
8,8,0,7,1,14.1,0.875,Safe
7,8,0,6,2,12.396666666666668,0.75,Safe
7,7,0,7,0,15.014285714285714,1.0,Safe
0,0,0,0,0,0.0,0.0,Safe
7,8,0,7,1,14.05,0.875,Safe
7,8,0,7,1,14.85,0.875,Dropout
6,10,0,6,4,13.0,0.6,Safe
7,8,0,7,1,14.7875,0.875,Safe
7,7,0,7,0,13.7,1.0,Safe
7,7,0,7,0,12.495714285714286,1.0,Dropout
7,7,0,6,1,14.566666666666668,0.8571428571428571,Safe
5,5,0,5,0,11.2,1.0,Dropout
8,8,0,7,1,12.685714285714283,0.875,Safe
9,12,0,7,5,13.571428571428571,0.5833333333333334,Dropout
6,0,0,0,0,0.0,0.0,Dropout
6,8,0,5,3,11.0,0.625,Safe
8,8,0,8,0,14.445,1.0,Safe
6,9,0,5,4,13.6,0.5555555555555556,Caution
12,12,0,11,1,14.0,0.9166666666666666,Dropout
7,7,0,6,1,13.416666666666666,0.8571428571428571,Safe
5,8,2,5,3,12.333333333333334,0.625,Safe
7,8,0,7,1,13.1,0.875,Safe
6,9,0,4,5,13.2,0.4444444444444444,Safe
8,8,0,8,0,14.75,1.0,Safe
6,7,0,6,1,13.142857142857142,0.8571428571428571,Safe
6,9,0,4,5,12.5,0.4444444444444444,Caution
5,6,0,4,2,13.75,0.6666666666666666,Safe
6,11,0,5,6,12.4,0.45454545454545453,Safe
6,6,0,6,0,13.333333333333334,1.0,Safe
11,11,0,11,0,11.727272727272728,1.0,Dropout
6,8,0,4,4,12.5,0.5,Dropout
0,0,0,0,0,0.0,0.0,Dropout
7,8,0,6,2,13.533333333333331,0.75,Safe
6,6,0,6,0,13.166666666666666,1.0,Safe
6,9,0,5,4,13.2,0.5555555555555556,Safe
6,7,0,5,2,12.2,0.7142857142857143,Caution
7,7,0,7,0,13.428571428571429,1.0,Safe
6,8,1,6,2,12.714285714285714,0.75,Safe
6,0,0,0,0,0.0,0.0,Dropout
6,6,0,6,0,13.666666666666666,1.0,Safe
6,6,0,5,1,11.0,0.8333333333333334,Safe
7,11,0,5,6,11.4,0.45454545454545453,Caution
0,0,0,0,0,0.0,0.0,Caution
5,7,0,4,3,12.0,0.5714285714285714,Safe
6,6,0,0,6,0.0,0.0,Dropout
6,14,0,5,9,11.0,0.35714285714285715,Safe
6,12,0,5,7,12.0,0.4166666666666667,Dropout
7,7,0,7,0,13.308571428571428,1.0,Safe
6,8,0,3,5,13.666666666666666,0.375,Dropout
6,6,0,0,6,0.0,0.0,Dropout
6,10,0,5,5,12.2,0.5,Safe
6,7,0,6,1,12.666666666666666,0.8571428571428571,Safe
8,8,0,8,0,14.07125,1.0,Safe
5,14,3,4,10,14.25,0.2857142857142857,Dropout
6,0,0,0,0,0.0,0.0,Dropout
6,10,0,3,7,12.0,0.3,Caution
10,18,2,6,12,11.166666666666666,0.3333333333333333,Caution
6,12,0,2,10,13.0,0.16666666666666666,Safe
0,0,0,0,0,0.0,0.0,Dropout
8,8,1,7,1,14.901428571428571,0.875,Dropout
7,8,0,7,1,12.65,0.875,Safe
12,12,0,7,5,11.0,0.5833333333333334,Dropout
5,7,0,4,3,12.4,0.5714285714285714,Safe
6,7,0,6,1,12.0,0.8571428571428571,Safe
7,8,0,7,1,12.135714285714286,0.875,Safe
7,10,0,5,5,12.62,0.5,Caution
5,11,0,3,8,10.666666666666666,0.2727272727272727,Caution
7,12,0,6,6,13.766666666666666,0.5,Safe
8,8,0,8,0,13.11625,1.0,Safe
5,5,0,0,5,0.0,0.0,Dropout
7,9,0,6,3,12.7,0.6666666666666666,Safe
7,11,0,7,4,11.857142857142858,0.6363636363636364,Caution
7,7,0,6,1,12.333333333333334,0.8571428571428571,Safe
6,9,0,4,5,15.75,0.4444444444444444,Caution
5,6,0,5,1,13.333333333333334,0.8333333333333334,Safe
7,9,0,7,2,14.355555555555554,0.7777777777777778,Safe
6,8,0,6,2,13.0,0.75,Safe
6,6,0,6,0,12.833333333333334,1.0,Safe
5,5,0,5,0,13.2,1.0,Safe
7,9,0,7,2,17.005555555555556,0.7777777777777778,Safe
6,8,0,5,3,10.6,0.625,Safe
5,5,0,5,0,14.0,1.0,Safe
8,8,0,7,1,12.114285714285714,0.875,Safe
8,8,0,8,0,13.05875,1.0,Safe
8,8,0,7,1,13.285714285714286,0.875,Safe
5,9,0,4,5,11.0,0.4444444444444444,Caution
7,7,0,7,0,14.071428571428571,1.0,Safe
6,0,0,0,0,0.0,0.0,Dropout
9,9,0,4,5,11.25,0.4444444444444444,Dropout
6,6,0,6,0,14.0,1.0,Safe
6,8,0,6,2,12.166666666666666,0.75,Dropout
8,8,0,7,1,13.297142857142855,0.875,Safe
6,14,0,6,8,13.923076923076923,0.42857142857142855,Safe
7,11,0,7,4,13.37,0.6363636363636364,Safe
5,5,0,5,0,12.4,1.0,Caution
5,5,0,4,1,15.0,0.8,Dropout
6,6,0,6,0,13.333333333333334,1.0,Safe
5,8,0,3,5,12.0,0.375,Caution
6,7,0,5,2,13.4,0.7142857142857143,Safe
0,0,0,0,0,0.0,0.0,Caution
5,9,0,4,5,11.5,0.4444444444444444,Safe
7,12,0,6,6,12.0,0.5,Caution
8,8,0,7,1,13.485714285714284,0.875,Safe
6,6,0,6,0,12.0,1.0,Safe
0,0,0,0,0,0.0,0.0,Dropout
5,7,0,3,4,10.333333333333334,0.42857142857142855,Caution
7,10,0,5,5,12.94,0.5,Caution
8,11,0,7,4,13.258571428571427,0.6363636363636364,Safe
5,9,0,4,5,12.25,0.4444444444444444,Caution
6,9,0,3,6,11.666666666666666,0.3333333333333333,Dropout
6,7,0,6,1,13.571428571428571,0.8571428571428571,Safe
6,9,0,5,4,11.8,0.5555555555555556,Safe
5,7,0,5,2,14.2,0.7142857142857143,Safe
5,8,0,5,3,11.0,0.625,Safe
7,16,0,4,12,13.625,0.25,Caution
8,8,0,7,1,14.652857142857142,0.875,Safe
6,9,0,6,3,11.333333333333334,0.6666666666666666,Safe
7,12,0,4,8,13.7,0.3333333333333333,Dropout
11,11,0,11,0,13.727272727272728,1.0,Safe
7,9,0,7,2,11.75,0.7777777777777778,Dropout
6,9,0,6,3,12.333333333333334,0.6666666666666666,Safe
6,6,0,6,0,14.0,1.0,Dropout
5,7,0,4,3,11.5,0.5714285714285714,Safe
5,6,0,5,1,11.2,0.8333333333333334,Safe
8,8,0,7,1,15.07,0.875,Safe
5,6,0,1,5,10.0,0.16666666666666666,Dropout
5,5,0,4,1,12.0,0.8,Caution
6,11,0,4,7,13.0,0.36363636363636365,Safe
6,7,0,4,3,11.0,0.5714285714285714,Dropout
6,8,0,6,2,13.571428571428571,0.75,Safe
6,7,0,5,2,14.6,0.7142857142857143,Safe
7,13,0,3,10,11.833333333333334,0.23076923076923078,Dropout
7,11,0,7,4,12.625,0.6363636363636364,Safe
7,12,0,4,8,11.5,0.3333333333333333,Dropout
5,8,1,4,4,13.25,0.5,Safe
7,9,0,7,2,12.60625,0.7777777777777778,Safe
10,15,0,8,7,13.75,0.5333333333333333,Dropout
7,10,0,6,4,13.598333333333334,0.6,Caution
6,11,0,5,6,11.142857142857142,0.45454545454545453,Safe
11,11,0,11,0,12.7,1.0,Caution
5,9,0,1,8,10.0,0.1111111111111111,Dropout
6,8,0,6,2,11.666666666666666,0.75,Safe
6,8,0,6,2,14.0,0.75,Safe
5,9,4,0,9,0.0,0.0,Dropout
8,9,0,7,2,12.04142857142857,0.7777777777777778,Safe
0,0,0,0,0,0.0,0.0,Safe
13,14,0,13,1,13.76923076923077,0.9285714285714286,Safe
18,20,0,18,2,15.444444444444445,0.9,Safe
7,9,0,6,3,11.5,0.6666666666666666,Caution
3,3,0,2,1,10.0,0.6666666666666666,Dropout
6,8,0,4,4,12.25,0.5,Dropout
6,6,0,6,0,14.5,1.0,Safe
6,7,0,6,1,15.571428571428571,0.8571428571428571,Safe
6,7,0,6,1,15.571428571428571,0.8571428571428571,Safe
6,8,0,5,3,13.8,0.625,Safe
5,8,0,3,5,10.666666666666666,0.375,Dropout
6,8,0,5,3,11.6,0.625,Safe
6,11,0,1,10,13.0,0.09090909090909091,Dropout
5,9,0,3,6,12.0,0.3333333333333333,Safe
14,14,2,12,2,12.333333333333334,0.8571428571428571,Safe
6,10,0,6,4,12.875,0.6,Caution
6,12,0,1,11,11.0,0.08333333333333333,Dropout
6,10,0,4,6,12.25,0.4,Dropout
7,7,7,0,7,0.0,0.0,Dropout
6,11,0,4,7,10.75,0.36363636363636365,Caution
8,9,1,8,1,13.63,0.8888888888888888,Safe
5,8,0,3,5,13.0,0.375,Safe
7,9,0,6,3,13.533333333333331,0.6666666666666666,Caution
7,7,0,7,0,16.9,1.0,Safe
6,10,0,5,5,12.0,0.5,Safe
6,6,0,6,0,12.5,1.0,Safe
8,8,0,7,1,12.764285714285714,0.875,Safe
5,8,0,5,3,13.75,0.625,Safe
0,0,0,0,0,0.0,0.0,Dropout
7,7,0,7,0,14.604285714285712,1.0,Safe
5,7,0,0,7,0.0,0.0,Dropout
6,9,0,5,4,13.833333333333334,0.5555555555555556,Safe
8,8,0,8,0,13.57625,1.0,Safe
6,7,0,6,1,15.142857142857142,0.8571428571428571,Safe
5,8,0,3,5,10.666666666666666,0.375,Safe
6,11,0,5,6,11.2,0.45454545454545453,Safe
8,8,0,8,0,13.76375,1.0,Safe
9,10,0,8,2,13.25,0.8,Caution
6,10,0,5,5,10.714285714285714,0.5,Safe
6,6,0,6,0,12.166666666666666,1.0,Safe
7,8,0,6,2,14.357142857142858,0.75,Safe
6,6,0,6,0,12.833333333333334,1.0,Safe
8,8,0,7,1,13.925714285714283,0.875,Safe
5,9,0,2,7,12.0,0.2222222222222222,Dropout
7,7,0,7,0,13.44285714285714,1.0,Safe
5,5,0,1,4,16.0,0.2,Dropout
6,8,0,6,2,13.125,0.75,Safe
6,7,0,0,7,0.0,0.0,Dropout
9,9,0,5,4,11.4,0.5555555555555556,Dropout
4,12,2,2,10,11.0,0.16666666666666666,Dropout
5,13,0,1,12,11.0,0.07692307692307693,Caution
6,14,0,5,9,13.666666666666666,0.35714285714285715,Safe
6,10,0,4,6,11.75,0.4,Dropout
7,11,0,1,10,10.0,0.09090909090909091,Dropout
6,8,0,6,2,13.5,0.75,Safe
6,0,0,0,0,0.0,0.0,Dropout
6,12,0,1,11,12.0,0.08333333333333333,Caution
6,11,0,3,8,13.0,0.2727272727272727,Dropout
6,7,0,6,1,14.833333333333334,0.8571428571428571,Safe
6,6,0,6,0,11.833333333333334,1.0,Safe
6,10,0,5,5,12.0,0.5,Safe
6,11,0,4,7,12.75,0.36363636363636365,Safe
5,5,5,0,5,0.0,0.0,Caution
6,7,0,0,7,0.0,0.0,Dropout
6,6,0,6,0,12.0,1.0,Safe
7,9,0,7,2,11.677777777777775,0.7777777777777778,Safe
8,8,0,7,1,13.6,0.875,Safe
6,7,0,6,1,16.0,0.8571428571428571,Safe
6,9,0,5,4,11.8,0.5555555555555556,Safe
5,5,0,0,5,0.0,0.0,Dropout
6,0,0,0,0,0.0,0.0,Dropout
6,7,0,6,1,16.142857142857142,0.8571428571428571,Safe
8,8,0,7,1,11.785714285714286,0.875,Safe
8,8,0,8,0,13.42375,1.0,Safe
6,8,0,6,2,12.5,0.75,Safe
8,8,0,7,1,12.464285714285714,0.875,Safe
11,18,0,8,10,12.375,0.4444444444444444,Caution
6,8,0,1,7,10.0,0.125,Dropout
6,8,0,5,3,12.6,0.625,Caution
5,5,0,5,0,12.6,1.0,Safe
5,7,0,2,5,10.0,0.2857142857142857,Dropout
7,7,0,0,7,0.0,0.0,Dropout
5,7,0,5,2,11.6,0.7142857142857143,Safe
6,8,0,6,2,12.166666666666666,0.75,Safe
6,10,0,4,6,13.6,0.4,Safe
5,8,1,4,4,12.5,0.5,Dropout
6,6,0,4,2,12.25,0.6666666666666666,Caution
6,7,0,6,1,11.714285714285714,0.8571428571428571,Safe
6,7,0,6,1,13.5,0.8571428571428571,Safe
8,8,0,7,1,13.024285714285714,0.875,Safe
6,12,0,0,12,0.0,0.0,Dropout
5,6,0,5,1,17.333333333333332,0.8333333333333334,Safe
5,7,0,4,3,11.0,0.5714285714285714,Safe
7,10,0,6,4,13.666666666666666,0.6,Dropout
6,9,0,6,3,11.375,0.6666666666666666,Caution
6,6,0,6,0,12.833333333333334,1.0,Safe
6,9,0,5,4,12.6,0.5555555555555556,Safe
7,8,0,6,2,14.333333333333334,0.75,Safe
5,8,0,4,4,13.5,0.5,Caution
8,8,0,7,1,14.285714285714286,0.875,Safe
6,15,0,3,12,11.75,0.2,Dropout
5,5,0,5,0,14.8,1.0,Safe
6,7,0,0,7,0.0,0.0,Dropout
6,14,0,1,13,10.0,0.07142857142857142,Dropout
5,5,0,0,5,0.0,0.0,Dropout
7,10,0,4,6,12.6,0.4,Dropout
5,9,1,5,4,12.428571428571429,0.5555555555555556,Safe
6,10,0,4,6,10.0,0.4,Caution
5,7,0,3,4,12.333333333333334,0.42857142857142855,Dropout
6,0,0,0,0,0.0,0.0,Dropout
0,0,0,0,0,0.0,0.0,Safe
11,12,0,10,2,12.1,0.8333333333333334,Safe
6,7,0,6,1,14.714285714285714,0.8571428571428571,Safe
6,6,0,6,0,12.666666666666666,1.0,Safe
12,14,0,12,2,14.384615384615383,0.8571428571428571,Safe
5,5,0,5,0,13.4,1.0,Safe
8,8,0,7,1,13.314285714285717,0.875,Safe
8,8,0,7,1,11.98857142857143,0.875,Safe
11,17,0,11,6,11.545454545454543,0.6470588235294118,Safe
6,13,0,6,7,16.46153846153846,0.46153846153846156,Safe
6,7,0,6,1,13.666666666666666,0.8571428571428571,Safe
7,8,0,7,1,12.65,0.875,Dropout
6,7,0,6,1,12.333333333333334,0.8571428571428571,Caution
7,8,0,6,2,14.37,0.75,Safe
5,13,2,3,10,12.0,0.23076923076923078,Caution
6,12,0,3,9,12.0,0.25,Dropout
6,11,0,4,7,12.0,0.36363636363636365,Dropout
6,10,0,5,5,12.6,0.5,Safe
6,6,0,6,0,12.166666666666666,1.0,Safe
7,8,0,6,2,13.5,0.75,Caution
8,8,0,8,0,13.76375,1.0,Safe
7,11,0,6,5,12.4,0.5454545454545454,Safe
5,16,0,4,12,10.666666666666666,0.25,Caution
7,7,0,6,1,14.333333333333334,0.8571428571428571,Safe
6,12,0,4,8,12.5,0.3333333333333333,Caution
6,14,0,1,13,10.0,0.07142857142857142,Dropout
7,8,0,7,1,14.69625,0.875,Safe
6,14,0,4,10,11.5,0.2857142857142857,Caution
7,9,0,7,2,12.855555555555556,0.7777777777777778,Safe
7,7,0,7,0,13.7,1.0,Safe
5,9,3,0,9,0.0,0.0,Dropout
6,13,0,3,10,11.2,0.23076923076923078,Caution
7,7,0,7,0,13.285714285714286,1.0,Safe
6,9,0,5,4,13.0,0.5555555555555556,Caution
7,8,0,6,2,12.6,0.75,Caution
5,5,0,5,0,12.8,1.0,Caution
6,14,1,5,9,11.5,0.35714285714285715,Dropout
8,8,0,7,1,11.4,0.875,Safe
6,6,0,6,0,12.333333333333334,1.0,Safe
6,7,0,5,2,12.8,0.7142857142857143,Safe
5,8,1,5,3,12.0,0.625,Safe
6,8,0,5,3,13.0,0.625,Safe
6,6,0,6,0,11.833333333333334,1.0,Dropout
6,8,0,6,2,14.0,0.75,Safe
6,6,0,6,0,12.333333333333334,1.0,Safe
7,10,0,5,5,13.04,0.5,Caution
11,18,0,11,7,13.166666666666666,0.6111111111111112,Caution
6,7,0,6,1,12.5,0.8571428571428571,Safe
0,0,0,0,0,0.0,0.0,Safe
8,8,0,7,1,15.657142857142857,0.875,Safe
6,6,0,6,0,12.166666666666666,1.0,Safe
6,0,0,0,0,0.0,0.0,Dropout
6,11,0,5,6,10.6,0.45454545454545453,Caution
6,10,0,6,4,13.428571428571429,0.6,Caution
6,8,0,4,4,11.75,0.5,Dropout
5,10,0,0,10,0.0,0.0,Dropout
0,0,0,0,0,0.0,0.0,Dropout
5,0,0,0,0,0.0,0.0,Dropout
5,9,0,1,8,13.0,0.1111111111111111,Dropout
8,8,0,7,1,13.331428571428573,0.875,Safe
6,0,0,0,0,0.0,0.0,Dropout
0,0,0,0,0,0.0,0.0,Safe
7,7,0,6,1,13.7,0.8571428571428571,Safe
5,5,0,0,5,0.0,0.0,Dropout
9,12,0,9,3,13.454545454545457,0.75,Dropout
8,8,0,7,1,12.2,0.875,Safe
5,8,0,3,5,10.0,0.375,Dropout
6,7,0,5,2,13.0,0.7142857142857143,Safe
6,11,0,6,5,12.0,0.5454545454545454,Safe
8,8,0,7,1,15.028571428571428,0.875,Safe
6,8,0,6,2,12.0,0.75,Safe
6,8,0,5,3,12.0,0.625,Safe
7,7,0,3,4,13.666666666666666,0.42857142857142855,Dropout
0,0,0,0,0,0.0,0.0,Dropout
5,6,0,5,1,12.0,0.8333333333333334,Caution
0,0,0,0,0,0.0,0.0,Safe
6,6,0,1,5,14.0,0.16666666666666666,Dropout
6,6,0,0,6,0.0,0.0,Dropout
7,8,0,7,1,12.375,0.875,Safe
7,0,0,0,0,0.0,0.0,Dropout
18,21,0,18,3,11.421052631578949,0.8571428571428571,Safe
7,7,0,6,1,13.35,0.8571428571428571,Safe
6,6,0,6,0,15.0,1.0,Safe
5,9,0,2,7,10.5,0.2222222222222222,Dropout
6,0,0,0,0,0.0,0.0,Dropout
5,8,0,5,3,13.25,0.625,Safe
5,10,0,0,10,0.0,0.0,Dropout
5,7,0,4,3,11.5,0.5714285714285714,Caution
8,8,0,8,0,13.88125,1.0,Safe
6,8,0,6,2,11.333333333333334,0.75,Safe
0,0,0,0,0,0.0,0.0,Dropout
6,7,0,6,1,12.857142857142858,0.8571428571428571,Safe
6,6,0,5,1,11.6,0.8333333333333334,Safe
6,9,0,5,4,11.4,0.5555555555555556,Safe
6,11,0,6,5,13.333333333333334,0.5454545454545454,Caution
7,7,0,7,0,13.571428571428571,1.0,Safe
7,13,0,6,7,11.833333333333334,0.46153846153846156,Safe
7,7,0,7,0,14.428571428571429,1.0,Safe
0,0,0,0,0,0.0,0.0,Caution
6,8,0,6,2,12.285714285714286,0.75,Safe
5,7,0,5,2,14.4,0.7142857142857143,Safe
7,8,0,7,1,13.15,0.875,Safe
5,6,0,0,6,0.0,0.0,Dropout
5,5,0,0,5,0.0,0.0,Dropout
8,8,0,7,1,12.342857142857143,0.875,Safe
6,6,0,5,1,12.2,0.8333333333333334,Caution
6,10,0,4,6,10.5,0.4,Dropout
5,5,0,5,0,10.6,1.0,Safe
6,6,0,0,6,0.0,0.0,Dropout
6,8,0,4,4,11.25,0.5,Safe
9,11,0,6,5,10.5,0.5454545454545454,Safe
6,11,0,4,7,11.0,0.36363636363636365,Caution
7,7,0,7,0,13.457142857142856,1.0,Safe
5,6,0,5,1,12.6,0.8333333333333334,Safe
6,0,0,0,0,0.0,0.0,Dropout
6,6,0,6,0,13.666666666666666,1.0,Safe
5,5,0,5,0,11.6,1.0,Safe
6,9,0,6,3,12.571428571428571,0.6666666666666666,Dropout
6,7,0,5,2,11.8,0.7142857142857143,Dropout
5,5,0,5,0,11.6,1.0,Caution
6,8,0,6,2,11.333333333333334,0.75,Safe
6,6,0,6,0,10.666666666666666,1.0,Safe
5,10,1,4,6,13.5,0.4,Caution
0,0,0,0,0,0.0,0.0,Safe
6,9,0,6,3,13.333333333333334,0.6666666666666666,Safe
6,9,0,5,4,13.4,0.5555555555555556,Caution
6,8,0,3,5,10.2,0.375,Caution
6,6,0,5,1,13.0,0.8333333333333334,Safe
8,11,0,7,4,12.90857142857143,0.6363636363636364,Safe
6,12,0,4,8,12.0,0.3333333333333333,Dropout
6,9,0,6,3,10.833333333333334,0.6666666666666666,Caution
6,6,0,6,0,15.333333333333334,1.0,Safe
7,9,0,6,3,12.816666666666668,0.6666666666666666,Caution
7,7,0,6,1,13.0,0.8571428571428571,Dropout
6,11,1,2,9,13.5,0.18181818181818182,Caution
6,7,0,6,1,12.5,0.8571428571428571,Safe
6,7,0,6,1,13.0,0.8571428571428571,Safe
5,6,0,4,2,11.75,0.6666666666666666,Safe
5,5,0,4,1,12.5,0.8,Safe
17,19,0,17,2,11.61111111111111,0.8947368421052632,Safe
6,6,0,6,0,14.0,1.0,Safe
6,8,0,0,8,0.0,0.0,Dropout
5,5,0,5,0,13.8,1.0,Safe
5,6,0,0,6,0.0,0.0,Dropout
0,0,0,0,0,0.0,0.0,Dropout
5,9,0,4,5,12.25,0.4444444444444444,Dropout
6,12,0,3,9,11.5,0.25,Dropout
7,9,0,6,3,12.571428571428571,0.6666666666666666,Safe
6,9,0,6,3,12.0,0.6666666666666666,Dropout
12,17,2,11,6,12.0,0.6470588235294118,Safe
0,0,0,0,0,0.0,0.0,Dropout
7,9,0,6,3,12.0,0.6666666666666666,Safe
5,9,0,4,5,11.6,0.4444444444444444,Caution
5,5,0,0,5,0.0,0.0,Dropout
5,9,0,5,4,12.0,0.5555555555555556,Caution
7,8,0,6,2,13.976666666666668,0.75,Caution
6,10,0,4,6,12.5,0.4,Caution
5,5,0,0,5,0.0,0.0,Dropout
6,15,0,4,11,10.5,0.26666666666666666,Dropout
6,8,0,5,3,12.857142857142858,0.625,Safe
5,7,0,3,4,11.666666666666666,0.42857142857142855,Caution
5,7,0,2,5,13.0,0.2857142857142857,Dropout
6,8,0,6,2,11.833333333333334,0.75,Caution
11,11,0,11,0,12.454545454545457,1.0,Safe
5,6,0,3,3,11.0,0.5,Dropout
5,10,0,4,6,13.2,0.4,Caution
6,6,0,6,0,15.5,1.0,Safe
6,8,0,6,2,12.333333333333334,0.75,Safe
5,13,0,5,8,12.0,0.38461538461538464,Caution
6,12,0,4,8,11.6,0.3333333333333333,Caution
6,7,0,6,1,11.333333333333334,0.8571428571428571,Safe
6,12,1,0,12,0.0,0.0,Dropout
5,7,0,4,3,12.0,0.5714285714285714,Caution
5,11,1,4,7,12.0,0.36363636363636365,Safe
5,11,0,2,9,12.5,0.18181818181818182,Dropout
12,12,0,12,0,13.666666666666666,1.0,Safe
6,17,2,2,15,14.5,0.11764705882352941,Dropout
6,10,0,4,6,13.2,0.4,Dropout
7,11,0,5,6,12.166666666666666,0.45454545454545453,Dropout
6,10,0,4,6,11.25,0.4,Safe
6,8,0,6,2,15.166666666666666,0.75,Safe
6,8,0,6,2,11.166666666666666,0.75,Safe
7,8,0,6,2,10.983333333333334,0.75,Safe
6,8,0,4,4,10.75,0.5,Safe
12,15,0,11,4,13.384615384615383,0.7333333333333333,Safe
6,8,0,6,2,11.285714285714286,0.75,Caution
6,13,3,0,13,0.0,0.0,Dropout
5,7,0,4,3,13.0,0.5714285714285714,Safe
6,9,0,6,3,16.11111111111111,0.6666666666666666,Safe
6,8,0,6,2,11.5,0.75,Safe
6,15,0,4,11,10.75,0.26666666666666666,Dropout
6,10,0,4,6,11.6,0.4,Safe
7,21,3,0,21,0.0,0.0,Dropout
5,5,0,5,0,13.8,1.0,Safe
7,8,0,7,1,13.585714285714284,0.875,Safe
6,8,0,6,2,13.857142857142858,0.75,Safe
6,12,0,5,7,12.0,0.4166666666666667,Caution
6,9,0,6,3,13.444444444444445,0.6666666666666666,Safe
6,6,0,6,0,14.0,1.0,Safe
6,10,1,1,9,12.0,0.1,Dropout
5,5,0,5,0,14.2,1.0,Safe
7,11,0,5,6,13.34,0.45454545454545453,Caution
8,12,0,7,5,12.457142857142856,0.5833333333333334,Caution
6,12,0,3,9,11.0,0.25,Dropout
5,13,0,4,9,10.5,0.3076923076923077,Caution
0,0,0,0,0,0.0,0.0,Safe
13,13,0,13,0,14.0,1.0,Safe
7,0,0,0,0,0.0,0.0,Dropout
1,1,0,0,1,0.0,0.0,Dropout
5,8,0,4,4,10.0,0.5,Caution
0,0,0,0,0,0.0,0.0,Safe
6,6,0,6,0,13.5,1.0,Safe
7,0,0,0,0,0.0,0.0,Dropout
17,18,0,17,1,13.38888888888889,0.9444444444444444,Safe
7,0,0,0,0,0.0,0.0,Dropout
12,12,0,12,0,13.583333333333334,1.0,Safe
0,0,0,0,0,0.0,0.0,Caution
5,5,0,0,5,0.0,0.0,Dropout
5,9,0,1,8,10.0,0.1111111111111111,Dropout
5,5,0,5,0,15.2,1.0,Safe
6,12,0,4,8,12.8,0.3333333333333333,Dropout
5,7,0,5,2,11.166666666666666,0.7142857142857143,Dropout
0,0,0,0,0,0.0,0.0,Caution
8,9,0,7,2,12.828571428571427,0.7777777777777778,Safe
6,6,0,6,0,12.5,1.0,Dropout
5,12,0,3,9,10.0,0.25,Safe
6,6,0,6,0,11.5,1.0,Safe
8,11,0,7,4,11.328571428571427,0.6363636363636364,Dropout
6,15,2,2,13,13.0,0.13333333333333333,Caution
7,7,0,6,1,13.033333333333331,0.8571428571428571,Safe
6,8,0,6,2,12.166666666666666,0.75,Safe
5,6,0,4,2,14.5,0.6666666666666666,Caution
5,7,1,5,2,14.4,0.7142857142857143,Safe
6,10,0,4,6,12.25,0.4,Caution
7,14,0,0,14,0.0,0.0,Dropout
6,6,0,6,0,12.666666666666666,1.0,Safe
6,14,0,2,12,12.0,0.14285714285714285,Dropout
5,6,0,0,6,0.0,0.0,Dropout
5,5,0,3,2,11.666666666666666,0.6,Dropout
6,0,0,0,0,0.0,0.0,Dropout
5,12,0,1,11,10.0,0.08333333333333333,Dropout
7,8,1,0,8,0.0,0.0,Dropout
6,11,0,4,7,12.25,0.36363636363636365,Dropout
6,10,1,4,6,12.0,0.4,Safe
6,7,0,5,2,12.6,0.7142857142857143,Caution
5,5,0,0,5,0.0,0.0,Dropout
5,5,0,0,5,0.0,0.0,Dropout
8,8,1,0,8,0.0,0.0,Dropout
16,16,0,16,0,12.6875,1.0,Safe
13,22,0,10,12,10.4,0.45454545454545453,Safe
15,26,0,14,12,10.466666666666669,0.5384615384615384,Safe
5,10,2,5,5,14.333333333333334,0.5,Safe
7,7,1,6,1,14.666666666666666,0.8571428571428571,Safe
7,7,0,7,0,12.835714285714284,1.0,Safe
5,5,0,0,5,0.0,0.0,Dropout
5,9,0,0,9,0.0,0.0,Caution
0,0,0,0,0,0.0,0.0,Dropout
8,8,0,8,0,13.24875,1.0,Safe
7,10,0,7,3,12.857142857142858,0.7,Caution
6,12,0,5,7,13.6,0.4166666666666667,Caution
5,6,0,3,3,14.0,0.5,Safe
6,11,0,3,8,12.0,0.2727272727272727,Caution
6,9,0,6,3,13.166666666666666,0.6666666666666666,Caution
6,8,0,6,2,13.625,0.75,Safe
7,8,0,7,1,14.85,0.875,Safe
5,9,0,4,5,10.75,0.4444444444444444,Safe
7,11,4,0,11,0.0,0.0,Caution
6,0,0,0,0,0.0,0.0,Dropout
12,14,0,12,2,14.0,0.8571428571428571,Caution
6,8,0,0,8,0.0,0.0,Dropout
5,5,0,0,5,0.0,0.0,Dropout
6,17,0,5,12,13.0,0.29411764705882354,Dropout
8,12,0,8,4,12.375,0.6666666666666666,Safe
0,0,0,0,0,0.0,0.0,Safe
6,10,0,5,5,11.4,0.5,Dropout
5,9,0,4,5,11.25,0.4444444444444444,Caution
5,7,0,3,4,13.0,0.42857142857142855,Dropout
0,0,0,0,0,0.0,0.0,Caution
6,6,0,6,0,13.5,1.0,Safe
6,11,1,1,10,11.0,0.09090909090909091,Caution
5,9,0,0,9,0.0,0.0,Dropout
6,9,0,5,4,12.0,0.5555555555555556,Dropout
6,8,0,5,3,13.0,0.625,Safe
0,0,0,0,0,0.0,0.0,Safe
5,8,0,4,4,12.0,0.5,Caution
5,10,0,5,5,11.166666666666666,0.5,Caution
6,13,0,2,11,10.5,0.15384615384615385,Dropout
6,7,0,6,1,12.666666666666666,0.8571428571428571,Safe
6,6,0,1,5,11.0,0.16666666666666666,Dropout
0,0,0,0,0,0.0,0.0,Dropout
5,6,0,4,2,11.5,0.6666666666666666,Caution
0,0,0,0,0,0.0,0.0,Dropout
5,10,0,2,8,10.5,0.2,Caution
5,8,0,4,4,12.5,0.5,Caution
7,9,0,6,3,12.833333333333334,0.6666666666666666,Caution
6,7,0,6,1,15.571428571428571,0.8571428571428571,Safe
6,10,0,4,6,12.0,0.4,Dropout
6,6,0,4,2,11.25,0.6666666666666666,Dropout
0,0,0,0,0,0.0,0.0,Safe
6,10,0,6,4,12.285714285714286,0.6,Caution
6,12,0,5,7,11.0,0.4166666666666667,Caution
6,8,0,6,2,12.142857142857142,0.75,Safe
6,11,0,2,9,11.5,0.18181818181818182,Dropout
12,16,0,11,5,12.545454545454543,0.6875,Caution
6,10,0,4,6,13.0,0.4,Safe
8,9,1,8,1,12.8875,0.8888888888888888,Safe
6,6,0,6,0,12.666666666666666,1.0,Caution
6,7,0,6,1,12.833333333333334,0.8571428571428571,Safe
5,10,1,3,7,10.666666666666666,0.3,Dropout
5,11,2,5,6,13.0,0.45454545454545453,Caution
7,11,0,6,5,11.983333333333334,0.5454545454545454,Safe
5,9,0,0,9,0.0,0.0,Dropout
6,6,0,6,0,11.833333333333334,1.0,Safe
6,21,0,3,18,12.666666666666666,0.14285714285714285,Dropout
5,9,1,4,5,13.75,0.4444444444444444,Safe
6,8,0,5,3,11.4,0.625,Dropout
6,8,0,6,2,13.166666666666666,0.75,Dropout
7,10,0,6,4,12.833333333333334,0.6,Safe
6,8,0,6,2,14.125,0.75,Safe
5,10,0,3,7,11.666666666666666,0.3,Safe
7,18,0,6,12,10.25,0.3333333333333333,Dropout
7,16,0,6,10,12.514285714285716,0.375,Dropout
13,17,0,10,7,11.5,0.5882352941176471,Dropout
5,5,0,1,4,10.0,0.2,Dropout
6,7,0,6,1,15.714285714285714,0.8571428571428571,Safe
6,9,0,4,5,12.5,0.4444444444444444,Dropout
5,6,0,3,3,12.0,0.5,Dropout
5,11,0,0,11,0.0,0.0,Dropout
5,9,2,4,5,12.25,0.4444444444444444,Safe
4,5,0,0,5,0.0,0.0,Dropout
5,5,0,5,0,13.6,1.0,Safe
13,14,0,13,1,13.307692307692308,0.9285714285714286,Caution
5,6,0,5,1,12.2,0.8333333333333334,Safe
6,7,0,6,1,12.285714285714286,0.8571428571428571,Safe
5,12,2,3,9,12.0,0.25,Safe
7,9,0,6,3,13.342857142857143,0.6666666666666666,Safe
5,5,0,0,5,0.0,0.0,Dropout
12,12,0,11,1,14.272727272727272,0.9166666666666666,Safe
7,9,0,7,2,12.1375,0.7777777777777778,Safe
6,7,0,6,1,14.166666666666666,0.8571428571428571,Safe
7,7,0,7,0,13.528571428571428,1.0,Safe
6,8,0,5,3,12.0,0.625,Safe
5,5,0,5,0,11.4,1.0,Dropout
0,0,0,0,0,0.0,0.0,Dropout
12,12,0,12,0,12.916666666666666,1.0,Safe
7,8,0,7,1,13.6375,0.875,Safe
7,10,0,7,3,12.9,0.7,Dropout
8,8,0,7,1,14.36,0.875,Safe
8,8,0,7,1,14.514285714285714,0.875,Caution
8,8,0,7,1,14.7,0.875,Safe
5,5,0,5,0,15.2,1.0,Caution
7,7,0,7,0,13.0,1.0,Safe
6,6,0,6,0,13.5,1.0,Dropout
5,11,2,5,6,12.333333333333334,0.45454545454545453,Safe
5,6,0,5,1,13.4,0.8333333333333334,Safe
5,7,0,4,3,11.75,0.5714285714285714,Caution
0,0,0,0,0,0.0,0.0,Safe
0,0,0,0,0,0.0,0.0,Caution
12,17,0,11,6,14.727272727272728,0.6470588235294118,Safe
6,7,0,6,1,16.571428571428573,0.8571428571428571,Safe
7,10,0,7,3,15.145,0.7,Safe
7,7,0,7,0,13.44285714285714,1.0,Safe
5,8,2,5,3,14.166666666666666,0.625,Safe
6,7,0,6,1,14.0,0.8571428571428571,Caution
6,9,0,6,3,11.333333333333334,0.6666666666666666,Safe
8,8,0,8,0,13.76125,1.0,Safe
7,9,0,5,4,11.6,0.5555555555555556,Dropout
6,7,0,4,3,12.75,0.5714285714285714,Safe
5,12,0,4,8,12.5,0.3333333333333333,Caution
6,13,0,6,7,15.307692307692308,0.46153846153846156,Safe
6,12,0,5,7,13.285714285714286,0.4166666666666667,Dropout
7,7,0,7,0,14.757142857142856,1.0,Safe
7,7,0,6,1,12.766666666666666,0.8571428571428571,Safe
5,5,0,5,0,10.4,1.0,Dropout
7,0,0,0,0,0.0,0.0,Dropout
5,10,0,4,6,10.5,0.4,Safe
5,6,0,4,2,14.25,0.6666666666666666,Safe
7,11,1,3,8,11.916666666666666,0.2727272727272727,Dropout
5,10,0,3,7,10.666666666666666,0.3,Caution
6,11,0,4,7,12.25,0.36363636363636365,Caution
5,5,0,4,1,12.0,0.8,Dropout
5,7,0,3,4,11.0,0.42857142857142855,Dropout
6,6,0,6,0,14.166666666666666,1.0,Safe
6,6,0,6,0,14.666666666666666,1.0,Safe
5,11,0,0,11,0.0,0.0,Safe
7,8,0,3,5,12.666666666666666,0.375,Dropout
0,0,0,0,0,0.0,0.0,Caution
0,0,0,0,0,0.0,0.0,Dropout
5,0,0,0,0,0.0,0.0,Dropout
6,0,0,0,0,0.0,0.0,Dropout
7,7,0,7,0,13.7,1.0,Safe
5,7,0,5,2,11.8,0.7142857142857143,Caution
5,0,0,0,0,0.0,0.0,Dropout
6,6,0,6,0,13.333333333333334,1.0,Safe
6,7,0,5,2,11.4,0.7142857142857143,Safe
5,5,0,0,5,0.0,0.0,Dropout
7,7,0,7,0,16.142857142857142,1.0,Dropout
8,8,8,0,8,0.0,0.0,Dropout
8,8,0,8,0,15.63375,1.0,Safe
6,6,0,6,0,13.666666666666666,1.0,Safe
6,0,0,0,0,0.0,0.0,Dropout
6,8,0,6,2,12.5,0.75,Safe
6,8,0,6,2,12.285714285714286,0.75,Safe
5,10,0,2,8,14.0,0.2,Caution
0,0,0,0,0,0.0,0.0,Dropout
5,5,0,4,1,10.75,0.8,Caution
7,14,1,4,10,12.95,0.2857142857142857,Dropout
7,7,0,6,1,12.45,0.8571428571428571,Safe
6,12,0,4,8,12.25,0.3333333333333333,Caution
8,8,0,8,0,13.38125,1.0,Safe
7,10,0,5,5,12.16,0.5,Dropout
6,11,0,4,7,12.5,0.36363636363636365,Caution
6,8,0,6,2,12.75,0.75,Safe
8,8,0,8,0,13.3425,1.0,Safe
7,10,0,7,3,14.175,0.7,Safe
8,16,1,1,15,10.0,0.0625,Caution
5,9,0,0,9,0.0,0.0,Dropout
5,7,0,0,7,0.0,0.0,Dropout
5,6,0,5,1,12.0,0.8333333333333334,Safe
6,8,0,6,2,10.571428571428571,0.75,Safe
12,19,0,11,8,14.153846153846152,0.5789473684210527,Safe
6,9,0,6,3,11.166666666666666,0.6666666666666666,Safe
17,20,0,17,3,12.0,0.85,Safe
5,11,0,3,8,11.333333333333334,0.2727272727272727,Dropout
16,17,0,16,1,12.588235294117649,0.9411764705882353,Safe
6,11,0,4,7,12.0,0.36363636363636365,Caution
6,0,0,0,0,0.0,0.0,Dropout
12,13,0,12,1,12.25,0.9230769230769231,Safe
5,7,0,5,2,11.6,0.7142857142857143,Safe
5,7,0,4,3,13.0,0.5714285714285714,Dropout
5,11,0,3,8,10.666666666666666,0.2727272727272727,Dropout
11,21,0,9,12,12.333333333333334,0.42857142857142855,Caution
5,7,0,2,5,11.0,0.2857142857142857,Dropout
7,10,0,6,4,13.428571428571429,0.6,Safe
8,10,2,8,2,13.05375,0.8,Safe
7,10,0,6,4,12.035714285714286,0.6,Caution
6,6,0,6,0,14.166666666666666,1.0,Safe
6,6,0,0,6,0.0,0.0,Dropout
6,11,0,5,6,13.6,0.45454545454545453,Dropout
6,7,0,5,2,12.2,0.7142857142857143,Caution
6,8,0,6,2,13.714285714285714,0.75,Dropout
6,10,0,3,7,11.666666666666666,0.3,Dropout
6,9,0,1,8,14.0,0.1111111111111111,Dropout
6,20,0,4,16,12.5,0.2,Dropout
6,11,0,5,6,11.833333333333334,0.45454545454545453,Dropout
6,6,0,0,6,0.0,0.0,Dropout
6,0,0,0,0,0.0,0.0,Dropout
17,18,0,13,5,11.538461538461538,0.7222222222222222,Dropout
9,14,2,7,7,11.285714285714286,0.5,Caution
0,0,0,0,0,0.0,0.0,Safe
6,7,0,5,2,11.8,0.7142857142857143,Caution
5,16,0,0,16,0.0,0.0,Caution
5,5,0,0,5,0.0,0.0,Dropout
5,5,0,5,0,14.2,1.0,Caution
12,12,0,10,2,12.7,0.8333333333333334,Caution
6,10,0,3,7,12.666666666666666,0.3,Dropout
6,7,0,6,1,14.428571428571429,0.8571428571428571,Safe
7,7,0,7,0,13.117142857142856,1.0,Safe
6,7,0,6,1,12.666666666666666,0.8571428571428571,Safe
0,0,0,0,0,0.0,0.0,Dropout
6,7,0,6,1,15.285714285714286,0.8571428571428571,Safe
5,12,0,3,9,10.5,0.25,Safe
11,11,0,11,0,12.636363636363637,1.0,Safe
5,6,0,0,6,0.0,0.0,Dropout
9,9,0,3,6,14.333333333333334,0.3333333333333333,Dropout
8,14,0,8,6,15.125,0.5714285714285714,Caution
7,0,0,0,0,0.0,0.0,Dropout
7,16,0,3,13,12.0,0.1875,Caution
6,10,1,4,6,14.25,0.4,Caution
5,12,0,2,10,10.5,0.16666666666666666,Caution
6,7,0,6,1,13.5,0.8571428571428571,Safe
6,14,0,5,9,11.666666666666666,0.35714285714285715,Caution
6,13,0,5,8,10.8,0.38461538461538464,Caution
4,4,0,0,4,0.0,0.0,Dropout
9,11,0,9,2,12.8,0.8181818181818182,Safe
5,6,0,5,1,10.8,0.8333333333333334,Dropout
5,8,0,4,4,11.4,0.5,Safe
7,7,0,7,0,13.725714285714286,1.0,Safe
6,6,0,5,1,12.8,0.8333333333333334,Caution
6,6,0,6,0,13.5,1.0,Safe
8,8,0,7,1,15.57,0.875,Dropout
5,10,0,4,6,11.0,0.4,Caution
7,7,0,7,0,14.114285714285714,1.0,Dropout
5,12,1,3,9,11.0,0.25,Caution
6,0,0,0,0,0.0,0.0,Dropout
5,6,0,4,2,13.5,0.6666666666666666,Safe
6,9,1,4,5,11.25,0.4444444444444444,Dropout
6,7,0,6,1,12.142857142857142,0.8571428571428571,Safe
8,8,0,7,1,13.075714285714286,0.875,Safe
5,0,0,0,0,0.0,0.0,Dropout
5,9,0,3,6,11.0,0.3333333333333333,Dropout
6,16,0,0,16,0.0,0.0,Dropout
7,12,0,4,8,13.125,0.3333333333333333,Caution
8,8,0,7,1,13.512857142857142,0.875,Safe
6,7,0,6,1,12.833333333333334,0.8571428571428571,Safe
5,8,2,3,5,15.0,0.375,Dropout
6,12,0,5,7,12.8,0.4166666666666667,Dropout
6,14,0,3,11,12.333333333333334,0.21428571428571427,Dropout
8,15,1,5,10,12.288,0.3333333333333333,Dropout
12,21,0,12,9,12.333333333333334,0.5714285714285714,Safe
5,9,0,4,5,11.5,0.4444444444444444,Safe
6,6,0,6,0,11.833333333333334,1.0,Dropout
5,5,0,0,5,0.0,0.0,Dropout
5,5,0,0,5,0.0,0.0,Dropout
5,10,0,5,5,11.8,0.5,Caution
6,0,0,0,0,0.0,0.0,Dropout
5,6,0,5,1,12.2,0.8333333333333334,Caution
6,6,0,6,0,12.333333333333334,1.0,Safe
6,7,0,6,1,12.428571428571429,0.8571428571428571,Safe
7,7,0,7,0,12.765714285714289,1.0,Safe
7,11,0,5,6,12.1,0.45454545454545453,Dropout
5,10,0,5,5,12.0,0.5,Safe
6,6,0,0,6,0.0,0.0,Dropout
6,10,0,6,4,14.88888888888889,0.6,Caution
14,19,0,13,6,11.357142857142858,0.6842105263157895,Safe
6,6,0,6,0,13.5,1.0,Safe
6,6,0,0,6,0.0,0.0,Dropout
7,7,0,7,0,13.884285714285712,1.0,Dropout
6,12,0,5,7,13.0,0.4166666666666667,Caution
7,11,0,4,7,12.65,0.36363636363636365,Caution
5,10,0,1,9,11.0,0.1,Caution
6,12,0,2,10,11.666666666666666,0.16666666666666666,Dropout
6,6,0,6,0,14.5,1.0,Safe
6,7,0,6,1,14.714285714285714,0.8571428571428571,Safe
6,7,0,6,1,13.285714285714286,0.8571428571428571,Safe
5,13,2,3,10,11.333333333333334,0.23076923076923078,Caution
7,7,7,0,7,0.0,0.0,Dropout
5,11,0,4,7,11.571428571428571,0.36363636363636365,Caution
6,10,0,5,5,13.0,0.5,Dropout
6,9,0,6,3,11.5,0.6666666666666666,Safe
5,8,0,5,3,11.8,0.625,Safe
5,7,0,3,4,10.666666666666666,0.42857142857142855,Dropout
7,11,0,6,5,13.8875,0.5454545454545454,Safe
6,7,0,5,2,11.4,0.7142857142857143,Safe
11,17,0,9,8,12.333333333333334,0.5294117647058824,Safe
7,8,0,5,3,12.16,0.625,Caution
8,8,0,8,0,13.427499999999998,1.0,Safe
6,6,0,6,0,15.166666666666666,1.0,Safe
6,12,1,0,12,0.0,0.0,Dropout
5,11,2,2,9,10.5,0.18181818181818182,Dropout
5,5,0,5,0,11.8,1.0,Safe
5,6,0,5,1,13.2,0.8333333333333334,Caution
7,8,0,7,1,13.075,0.875,Safe
6,8,0,4,4,11.6,0.5,Dropout
6,10,0,6,4,13.666666666666666,0.6,Dropout
5,9,0,4,5,10.75,0.4444444444444444,Dropout
7,10,0,6,4,13.492857142857144,0.6,Safe
6,14,0,3,11,12.5,0.21428571428571427,Caution
7,0,0,0,0,0.0,0.0,Dropout
5,12,0,5,7,13.285714285714286,0.4166666666666667,Dropout
5,6,0,5,1,12.6,0.8333333333333334,Safe
6,7,0,6,1,14.0,0.8571428571428571,Safe
5,7,0,2,5,11.5,0.2857142857142857,Dropout
6,6,0,0,6,0.0,0.0,Dropout
6,6,0,6,0,11.833333333333334,1.0,Safe
6,10,0,5,5,11.5,0.5,Safe
6,6,0,6,0,14.166666666666666,1.0,Safe
2,2,0,2,0,12.5,1.0,Caution
5,5,0,0,5,0.0,0.0,Dropout
5,7,0,0,7,0.0,0.0,Caution
6,14,0,2,12,10.5,0.14285714285714285,Dropout
6,6,0,6,0,11.833333333333334,1.0,Safe
5,9,0,0,9,0.0,0.0,Dropout
5,5,0,5,0,12.4,1.0,Safe
5,5,0,2,3,10.5,0.4,Dropout
5,9,0,0,9,0.0,0.0,Dropout
12,12,0,12,0,14.583333333333334,1.0,Safe
6,6,0,6,0,11.666666666666666,1.0,Safe
5,5,0,0,5,0.0,0.0,Dropout
7,14,0,1,13,13.0,0.07142857142857142,Dropout
7,7,0,7,0,15.66,1.0,Safe
6,10,1,0,10,0.0,0.0,Dropout
6,6,0,6,0,12.166666666666666,1.0,Safe
7,7,0,6,1,13.3,0.8571428571428571,Safe
7,15,0,0,15,0.0,0.0,Dropout
7,0,0,0,0,0.0,0.0,Dropout
0,0,0,0,0,0.0,0.0,Dropout
8,8,0,7,1,13.55714285714286,0.875,Safe
7,15,0,5,10,14.333333333333334,0.3333333333333333,Caution
6,16,0,4,12,12.0,0.25,Dropout
5,5,0,0,5,0.0,0.0,Dropout
0,0,0,0,0,0.0,0.0,Safe
7,11,0,4,7,11.75,0.36363636363636365,Caution
7,7,0,6,1,12.183333333333332,0.8571428571428571,Safe
9,18,0,6,12,11.833333333333334,0.3333333333333333,Dropout
4,4,0,0,4,0.0,0.0,Dropout
6,8,0,6,2,15.0,0.75,Safe
0,0,0,0,0,0.0,0.0,Safe
0,0,0,0,0,0.0,0.0,Safe
8,8,0,8,0,13.435,1.0,Safe
5,8,2,4,4,13.5,0.5,Dropout
0,0,0,0,0,0.0,0.0,Caution
17,18,0,17,1,11.5,0.9444444444444444,Safe
6,10,0,2,8,10.5,0.2,Caution
6,13,0,4,9,12.0,0.3076923076923077,Caution
6,7,0,5,2,12.2,0.7142857142857143,Dropout
0,0,0,0,0,0.0,0.0,Safe
11,15,0,10,5,14.5,0.6666666666666666,Safe
6,7,0,6,1,13.333333333333334,0.8571428571428571,Safe
11,29,6,9,20,12.0,0.3103448275862069,Safe
6,9,0,6,3,15.125,0.6666666666666666,Safe
7,7,0,6,1,13.116666666666667,0.8571428571428571,Safe
6,7,0,6,1,12.833333333333334,0.8571428571428571,Safe
6,6,0,6,0,13.333333333333334,1.0,Safe
7,7,0,7,0,13.877142857142855,1.0,Safe
8,8,0,7,1,12.944285714285714,0.875,Safe
6,8,0,5,3,12.333333333333334,0.625,Caution
7,7,0,6,1,14.266666666666666,0.8571428571428571,Safe
6,8,0,5,3,13.0,0.625,Safe
8,8,0,8,0,12.48375,1.0,Safe
7,8,0,7,1,13.428571428571429,0.875,Safe
6,9,0,3,6,10.666666666666666,0.3333333333333333,Dropout
6,8,0,5,3,15.4,0.625,Safe
7,7,0,6,1,13.45,0.8571428571428571,Safe
7,7,0,6,1,12.6,0.8571428571428571,Safe
7,7,0,7,0,12.485714285714286,1.0,Safe
6,10,0,5,5,10.8,0.5,Safe
6,12,0,5,7,12.2,0.4166666666666667,Caution
6,11,0,5,6,14.2,0.45454545454545453,Caution
6,7,0,6,1,13.833333333333334,0.8571428571428571,Safe
6,8,0,5,3,12.8,0.625,Caution
5,5,0,5,0,13.2,1.0,Safe
6,7,0,1,6,14.0,0.14285714285714285,Dropout
8,8,0,8,0,13.875,1.0,Safe
5,7,0,5,2,12.5,0.7142857142857143,Safe
6,7,0,6,1,13.428571428571429,0.8571428571428571,Safe
6,7,0,5,2,11.8,0.7142857142857143,Caution
7,7,0,7,0,14.868571428571428,1.0,Safe
7,10,0,7,3,13.03,0.7,Safe
6,7,0,6,1,14.571428571428571,0.8571428571428571,Safe
6,9,0,5,4,11.0,0.5555555555555556,Safe
8,8,0,8,0,13.3675,1.0,Safe
7,7,0,6,1,12.808333333333332,0.8571428571428571,Safe
7,7,0,7,0,13.918571428571427,1.0,Safe
6,8,0,6,2,13.0,0.75,Safe
7,7,0,6,1,13.683333333333332,0.8571428571428571,Safe
6,11,0,5,6,13.0,0.45454545454545453,Dropout
6,8,0,5,3,12.8,0.625,Safe
6,9,0,6,3,13.571428571428571,0.6666666666666666,Safe
6,6,0,6,0,13.166666666666666,1.0,Safe
6,6,0,6,0,15.0,1.0,Safe
6,6,0,6,0,12.666666666666666,1.0,Safe
6,7,0,6,1,13.857142857142858,0.8571428571428571,Dropout
7,7,0,7,0,14.692857142857145,1.0,Safe
8,8,0,8,0,14.035,1.0,Safe
5,8,1,4,4,11.0,0.5,Safe
6,6,0,6,0,13.333333333333334,1.0,Safe
7,13,0,6,7,11.7725,0.46153846153846156,Safe
6,0,0,0,0,0.0,0.0,Dropout
6,0,0,0,0,0.0,0.0,Dropout
0,0,0,0,0,0.0,0.0,Dropout
6,7,0,6,1,12.285714285714286,0.8571428571428571,Safe
8,14,0,5,9,12.46,0.35714285714285715,Caution
7,10,0,6,4,12.166666666666666,0.6,Safe
6,9,0,5,4,11.833333333333334,0.5555555555555556,Caution
8,8,0,7,1,14.805714285714286,0.875,Safe
6,11,0,5,6,10.6,0.45454545454545453,Dropout
9,9,0,8,1,13.125,0.8888888888888888,Caution
6,6,0,6,0,12.833333333333334,1.0,Safe
8,8,8,0,8,0.0,0.0,Caution
6,9,0,5,4,13.0,0.5555555555555556,Safe
7,8,0,7,1,12.725,0.875,Safe
5,10,1,4,6,11.25,0.4,Safe
12,12,0,11,1,13.818181818181818,0.9166666666666666,Safe
5,12,2,3,9,12.333333333333334,0.25,Safe
5,14,2,3,11,12.333333333333334,0.21428571428571427,Caution
6,8,0,4,4,13.25,0.5,Caution
6,7,0,6,1,13.666666666666666,0.8571428571428571,Safe
11,18,0,8,10,12.625,0.4444444444444444,Caution
6,6,0,6,0,14.833333333333334,1.0,Safe
6,7,0,5,2,11.2,0.7142857142857143,Dropout
5,6,0,5,1,11.4,0.8333333333333334,Safe
7,8,0,7,1,13.135,0.875,Safe
10,10,0,10,0,13.0,1.0,Dropout
7,12,0,4,8,12.85,0.3333333333333333,Caution
6,6,0,6,0,13.5,1.0,Safe
6,7,0,6,1,14.285714285714286,0.8571428571428571,Caution
6,8,0,5,3,13.5,0.625,Safe
5,8,0,4,4,10.75,0.5,Safe
6,9,0,6,3,11.333333333333334,0.6666666666666666,Safe
7,15,2,3,12,13.0,0.2,Safe
7,7,0,6,1,13.966666666666669,0.8571428571428571,Safe
8,8,0,8,0,14.14125,1.0,Safe
6,10,0,4,6,11.6,0.4,Safe
8,8,0,8,0,14.6625,1.0,Safe
5,5,0,0,5,0.0,0.0,Caution
7,8,0,6,2,12.993333333333334,0.75,Safe
6,10,0,4,6,11.25,0.4,Caution
6,8,0,5,3,12.2,0.625,Safe
0,0,0,0,0,0.0,0.0,Dropout
6,6,0,6,0,11.333333333333334,1.0,Caution
5,7,0,5,2,12.2,0.7142857142857143,Safe
6,12,0,0,12,0.0,0.0,Dropout
6,8,0,6,2,11.333333333333334,0.75,Safe
6,8,0,6,2,13.857142857142858,0.75,Safe
6,7,0,6,1,12.857142857142858,0.8571428571428571,Safe
6,10,0,1,9,10.0,0.1,Dropout
15,17,0,14,3,10.214285714285714,0.8235294117647058,Safe
6,14,0,6,8,11.285714285714286,0.42857142857142855,Dropout
6,6,0,6,0,13.833333333333334,1.0,Dropout
6,8,0,6,2,12.857142857142858,0.75,Safe
6,8,0,6,2,11.666666666666666,0.75,Dropout
6,12,0,0,12,0.0,0.0,Dropout
5,7,0,5,2,14.4,0.7142857142857143,Safe
6,6,0,6,0,14.833333333333334,1.0,Safe
6,14,0,6,8,14.333333333333334,0.42857142857142855,Safe
0,0,0,0,0,0.0,0.0,Safe
6,0,0,0,0,0.0,0.0,Dropout
7,9,0,6,3,12.333333333333334,0.6666666666666666,Safe
5,5,0,5,0,11.8,1.0,Safe
6,7,0,5,2,13.2,0.7142857142857143,Dropout
6,6,0,0,6,0.0,0.0,Dropout
6,0,0,0,0,0.0,0.0,Dropout
6,6,0,6,0,11.5,1.0,Safe
6,8,0,5,3,12.6,0.625,Safe
7,7,0,7,0,13.542857142857144,1.0,Safe
6,8,0,5,3,11.6,0.625,Caution
6,7,0,6,1,13.666666666666666,0.8571428571428571,Safe
6,10,0,0,10,0.0,0.0,Dropout
6,0,0,0,0,0.0,0.0,Dropout
0,0,0,0,0,0.0,0.0,Dropout
6,6,0,6,0,11.5,1.0,Safe
5,12,0,2,10,11.5,0.16666666666666666,Caution
7,7,0,7,0,11.828571428571427,1.0,Safe
0,0,0,0,0,0.0,0.0,Safe
0,0,0,0,0,0.0,0.0,Caution
7,7,0,6,1,12.966666666666669,0.8571428571428571,Safe
6,6,0,6,0,13.833333333333334,1.0,Safe
7,7,0,7,0,14.125714285714285,1.0,Safe
10,12,4,5,7,12.166666666666666,0.4166666666666667,Dropout
6,17,0,6,11,12.666666666666666,0.35294117647058826,Safe
4,4,0,0,4,0.0,0.0,Dropout
6,8,0,6,2,12.285714285714286,0.75,Safe
6,7,0,3,4,14.5,0.42857142857142855,Caution
5,8,0,2,6,10.0,0.25,Dropout
5,11,1,2,9,11.5,0.18181818181818182,Dropout
5,6,0,5,1,11.6,0.8333333333333334,Safe
6,6,0,6,0,12.5,1.0,Safe
6,9,0,3,6,11.666666666666666,0.3333333333333333,Dropout
10,11,0,7,4,13.428571428571429,0.6363636363636364,Safe
6,6,0,6,0,13.666666666666666,1.0,Safe
6,6,0,6,0,12.5,1.0,Safe
6,7,0,6,1,13.0,0.8571428571428571,Safe
7,9,0,6,3,12.783333333333331,0.6666666666666666,Safe
7,0,0,0,0,0.0,0.0,Dropout
7,13,0,4,9,13.5,0.3076923076923077,Dropout
7,7,0,7,0,13.457142857142856,1.0,Safe
8,8,0,7,1,13.44285714285714,0.875,Safe
6,13,0,4,9,11.0,0.3076923076923077,Safe
6,6,0,6,0,11.333333333333334,1.0,Safe
5,7,0,2,5,10.0,0.2857142857142857,Dropout
7,10,0,5,5,13.44,0.5,Caution
7,8,0,7,1,12.214285714285714,0.875,Safe
6,6,0,6,0,14.166666666666666,1.0,Safe
12,13,0,12,1,12.846153846153848,0.9230769230769231,Safe
6,8,0,6,2,13.0,0.75,Caution
5,6,1,5,1,12.8,0.8333333333333334,Safe
6,13,0,4,9,13.0,0.3076923076923077,Dropout
7,7,0,7,0,13.371428571428572,1.0,Safe
7,8,0,7,1,13.385714285714286,0.875,Safe
8,8,0,7,1,13.328571428571427,0.875,Safe
6,12,0,5,7,14.0,0.4166666666666667,Safe
5,5,0,5,0,12.6,1.0,Safe
6,7,0,6,1,14.0,0.8571428571428571,Safe
6,7,0,6,1,13.428571428571429,0.8571428571428571,Safe
6,6,0,6,0,13.0,1.0,Safe
6,8,0,5,3,12.666666666666666,0.625,Caution
5,9,1,3,6,10.0,0.3333333333333333,Dropout
6,7,0,6,1,12.833333333333334,0.8571428571428571,Safe
7,7,0,6,1,12.916666666666666,0.8571428571428571,Safe
6,9,0,6,3,13.285714285714286,0.6666666666666666,Safe
5,6,0,5,1,14.6,0.8333333333333334,Safe
6,6,0,6,0,14.0,1.0,Safe
6,7,0,6,1,14.142857142857142,0.8571428571428571,Safe
6,8,0,6,2,11.666666666666666,0.75,Safe
8,9,1,8,1,14.3775,0.8888888888888888,Safe
7,8,0,7,1,12.5,0.875,Safe
7,7,0,6,1,14.15,0.8571428571428571,Safe
8,12,0,7,5,12.471428571428572,0.5833333333333334,Safe
7,7,0,6,1,14.15,0.8571428571428571,Safe
7,11,0,7,4,14.072222222222225,0.6363636363636364,Safe
6,7,0,6,1,14.857142857142858,0.8571428571428571,Safe
6,7,0,6,1,14.285714285714286,0.8571428571428571,Safe
4,4,0,0,4,0.0,0.0,Dropout
6,0,0,0,0,0.0,0.0,Dropout
6,8,0,6,2,15.0,0.75,Dropout
7,7,0,6,1,12.633333333333333,0.8571428571428571,Safe
5,5,0,5,0,11.2,1.0,Dropout
7,7,0,6,1,14.233333333333334,0.8571428571428571,Safe
5,13,2,5,8,12.2,0.38461538461538464,Caution
8,8,0,7,1,15.7,0.875,Safe
7,7,0,6,1,15.2,0.8571428571428571,Safe
6,9,0,6,3,16.333333333333332,0.6666666666666666,Dropout
17,29,4,14,15,12.5625,0.4827586206896552,Safe
7,0,0,0,0,0.0,0.0,Dropout
6,8,0,5,3,12.4,0.625,Safe
8,9,1,8,1,13.78125,0.8888888888888888,Safe
6,10,0,6,4,12.166666666666666,0.6,Dropout
6,8,0,5,3,11.8,0.625,Caution
6,13,0,4,9,10.8,0.3076923076923077,Safe
7,8,0,7,1,13.26,0.875,Safe
6,10,0,4,6,12.0,0.4,Dropout
6,9,0,6,3,11.875,0.6666666666666666,Safe
7,11,0,5,6,12.16,0.45454545454545453,Caution
6,6,0,1,5,15.0,0.16666666666666666,Caution
6,6,0,6,0,13.333333333333334,1.0,Safe
5,12,0,2,10,11.5,0.16666666666666666,Caution
6,7,0,6,1,14.428571428571429,0.8571428571428571,Safe
5,10,1,1,9,13.0,0.1,Caution
6,7,0,6,1,15.0,0.8571428571428571,Safe
7,9,0,7,2,15.155555555555557,0.7777777777777778,Safe
6,8,0,6,2,10.666666666666666,0.75,Safe
6,9,0,5,4,11.0,0.5555555555555556,Dropout
6,0,0,0,0,0.0,0.0,Dropout
6,7,0,6,1,12.285714285714286,0.8571428571428571,Safe
8,8,0,8,0,12.82875,1.0,Dropout
6,6,0,6,0,12.666666666666666,1.0,Safe
0,0,0,0,0,0.0,0.0,Caution
6,16,0,2,14,13.0,0.125,Dropout
5,10,0,5,5,10.875,0.5,Safe
5,5,0,5,0,12.8,1.0,Safe
6,10,0,5,5,11.285714285714286,0.5,Dropout
0,0,0,0,0,0.0,0.0,Safe
6,0,0,0,0,0.0,0.0,Dropout
7,9,0,6,3,13.766666666666666,0.6666666666666666,Dropout
8,9,1,6,3,12.758333333333333,0.6666666666666666,Dropout
0,0,0,0,0,0.0,0.0,Dropout
6,6,0,6,0,12.666666666666666,1.0,Safe
6,13,0,6,7,12.0,0.46153846153846156,Caution
6,8,0,6,2,12.25,0.75,Safe
5,8,0,3,5,11.333333333333334,0.375,Safe
7,9,0,7,2,13.507142857142856,0.7777777777777778,Safe
8,8,0,7,1,13.614285714285714,0.875,Safe
6,6,0,0,6,0.0,0.0,Dropout
6,9,1,4,5,11.5,0.4444444444444444,Safe
6,7,0,6,1,12.333333333333334,0.8571428571428571,Safe
7,7,0,7,0,11.971428571428572,1.0,Safe
5,12,1,2,10,13.0,0.16666666666666666,Dropout
7,9,0,7,2,12.385714285714286,0.7777777777777778,Caution
5,12,0,2,10,13.5,0.16666666666666666,Safe
6,8,0,6,2,12.166666666666666,0.75,Safe
0,0,0,0,0,0.0,0.0,Safe
6,6,0,6,0,11.666666666666666,1.0,Safe
6,9,0,5,4,12.4,0.5555555555555556,Caution
6,7,0,5,2,13.4,0.7142857142857143,Safe
6,11,0,6,5,12.0,0.5454545454545454,Safe
5,6,0,5,1,14.2,0.8333333333333334,Safe
6,8,0,6,2,12.125,0.75,Safe
7,7,0,7,0,13.857142857142858,1.0,Safe
6,13,0,3,10,11.75,0.23076923076923078,Caution
7,9,0,7,2,14.283333333333337,0.7777777777777778,Safe
13,21,0,11,10,13.272727272727272,0.5238095238095238,Safe
6,6,0,6,0,14.666666666666666,1.0,Safe
7,10,0,7,3,15.114999999999998,0.7,Safe
0,0,0,0,0,0.0,0.0,Caution
6,13,0,6,7,15.0,0.46153846153846156,Safe
6,8,0,5,3,13.2,0.625,Safe
6,14,0,2,12,11.0,0.14285714285714285,Dropout
8,8,0,7,1,14.565714285714288,0.875,Safe
5,8,0,3,5,12.0,0.375,Dropout
6,6,0,0,6,0.0,0.0,Dropout
7,7,0,6,1,13.796666666666669,0.8571428571428571,Safe
6,6,0,6,0,14.833333333333334,1.0,Safe
6,6,0,6,0,12.833333333333334,1.0,Safe
8,8,0,7,1,14.962857142857144,0.875,Safe
5,8,0,4,4,12.0,0.5,Safe
7,8,0,7,1,12.4,0.875,Safe
6,7,0,6,1,15.571428571428571,0.8571428571428571,Safe
8,8,0,7,1,13.714285714285714,0.875,Safe
6,9,0,6,3,13.142857142857142,0.6666666666666666,Safe
6,7,0,6,1,15.0,0.8571428571428571,Safe
5,6,0,1,5,13.0,0.16666666666666666,Dropout
11,12,0,11,1,12.0,0.9166666666666666,Safe
0,0,0,0,0,0.0,0.0,Safe
6,6,0,6,0,15.166666666666666,1.0,Safe
6,9,0,4,5,12.0,0.4444444444444444,Dropout
7,7,0,7,0,13.642857142857142,1.0,Safe
6,8,0,6,2,12.666666666666666,0.75,Safe
0,0,0,0,0,0.0,0.0,Dropout
6,8,0,5,3,10.8,0.625,Safe
7,9,0,6,3,14.25,0.6666666666666666,Safe
14,22,0,12,10,12.153846153846152,0.5454545454545454,Dropout
6,14,0,1,13,11.5,0.07142857142857142,Caution
6,10,0,4,6,12.25,0.4,Safe
6,8,1,6,2,12.0,0.75,Caution
8,8,0,8,0,13.40375,1.0,Safe
6,15,0,6,9,11.333333333333334,0.4,Safe
6,7,0,5,2,12.2,0.7142857142857143,Dropout
0,0,0,0,0,0.0,0.0,Caution
7,0,0,0,0,0.0,0.0,Dropout
6,8,0,5,3,16.166666666666668,0.625,Dropout
5,10,0,3,7,11.0,0.3,Caution
0,0,0,0,0,0.0,0.0,Safe
6,8,0,4,4,12.0,0.5,Caution
5,8,0,2,6,10.5,0.25,Caution
6,7,0,3,4,11.666666666666666,0.42857142857142855,Caution
5,8,0,3,5,11.0,0.375,Dropout
7,18,0,0,18,0.0,0.0,Dropout
6,11,0,4,7,12.5,0.36363636363636365,Dropout
7,11,0,7,4,11.294444444444444,0.6363636363636364,Safe
6,8,0,5,3,11.2,0.625,Safe
0,0,0,0,0,0.0,0.0,Dropout
6,7,0,5,2,13.2,0.7142857142857143,Safe
7,12,0,6,6,14.142857142857142,0.5,Caution
5,0,0,0,0,0.0,0.0,Dropout
5,5,0,0,5,0.0,0.0,Caution
5,7,0,3,4,12.333333333333334,0.42857142857142855,Caution
6,6,0,0,6,0.0,0.0,Dropout
8,8,0,7,1,13.1,0.875,Safe
6,6,0,6,0,13.5,1.0,Safe
5,7,0,5,2,10.2,0.7142857142857143,Caution
6,10,0,5,5,11.571428571428571,0.5,Dropout
6,7,0,6,1,15.285714285714286,0.8571428571428571,Safe
6,9,0,5,4,12.6,0.5555555555555556,Caution
7,11,0,6,5,13.433333333333332,0.5454545454545454,Safe
5,8,0,5,3,11.6,0.625,Dropout
6,6,0,6,0,14.666666666666666,1.0,Safe
6,9,0,6,3,14.666666666666666,0.6666666666666666,Safe
8,8,0,7,1,12.742857142857144,0.875,Safe
7,9,0,7,2,11.975,0.7777777777777778,Safe
5,9,0,4,5,12.25,0.4444444444444444,Caution
0,0,0,0,0,0.0,0.0,Dropout
8,8,0,7,1,14.935714285714283,0.875,Safe
6,16,0,2,14,10.5,0.125,Dropout
6,9,0,5,4,13.333333333333334,0.5555555555555556,Safe
6,6,0,0,6,0.0,0.0,Dropout
6,12,0,5,7,13.8,0.4166666666666667,Dropout
6,6,0,6,0,11.833333333333334,1.0,Safe
0,0,0,0,0,0.0,0.0,Safe
0,0,0,0,0,0.0,0.0,Dropout
5,9,0,2,7,10.0,0.2222222222222222,Dropout
6,10,0,4,6,11.5,0.4,Dropout
6,12,0,3,9,10.666666666666666,0.25,Caution
0,0,0,0,0,0.0,0.0,Safe
6,10,0,4,6,12.75,0.4,Caution
6,7,0,0,7,0.0,0.0,Dropout
6,11,0,6,5,11.333333333333334,0.5454545454545454,Caution
6,6,0,0,6,0.0,0.0,Caution
6,10,0,6,4,13.0,0.6,Safe
5,7,0,4,3,10.75,0.5714285714285714,Caution
5,8,0,5,3,12.0,0.625,Caution
7,7,0,7,0,13.462857142857144,1.0,Safe
6,13,0,3,10,10.0,0.23076923076923078,Dropout
6,6,0,6,0,12.333333333333334,1.0,Safe
7,11,0,6,5,12.528571428571428,0.5454545454545454,Caution
8,8,8,0,8,0.0,0.0,Caution
5,6,0,0,6,0.0,0.0,Dropout
5,5,0,5,0,13.6,1.0,Safe
6,7,0,6,1,12.333333333333334,0.8571428571428571,Dropout
13,16,0,10,6,11.454545454545457,0.625,Dropout
13,13,2,8,5,13.5,0.6153846153846154,Dropout
5,5,0,0,5,0.0,0.0,Dropout
5,5,0,2,3,11.0,0.4,Dropout
6,9,0,6,3,13.714285714285714,0.6666666666666666,Dropout
21,26,0,21,5,12.363636363636363,0.8076923076923077,Dropout
7,13,0,3,10,10.666666666666666,0.23076923076923078,Caution
6,9,0,2,7,12.0,0.2222222222222222,Dropout
7,7,0,7,0,12.857142857142858,1.0,Safe
6,10,0,6,4,13.125,0.6,Caution
5,6,0,0,6,0.0,0.0,Dropout
6,13,0,2,11,13.5,0.15384615384615385,Dropout
11,14,0,11,3,15.090909090909092,0.7857142857142857,Dropout
6,9,0,5,4,12.4,0.5555555555555556,Caution
6,10,0,5,5,14.0,0.5,Caution
6,8,0,2,6,13.5,0.25,Dropout
5,5,0,0,5,0.0,0.0,Dropout
7,12,0,4,8,12.65,0.3333333333333333,Dropout
5,7,0,0,7,0.0,0.0,Dropout
5,5,0,0,5,0.0,0.0,Dropout
6,8,0,6,2,13.333333333333334,0.75,Safe
5,9,0,3,6,11.333333333333334,0.3333333333333333,Dropout
6,0,0,0,0,0.0,0.0,Dropout
0,0,0,0,0,0.0,0.0,Dropout
5,7,0,3,4,11.666666666666666,0.42857142857142855,Dropout
6,8,0,6,2,12.166666666666666,0.75,Safe
6,7,0,6,1,13.333333333333334,0.8571428571428571,Safe
6,7,0,5,2,11.4,0.7142857142857143,Caution
6,9,0,6,3,12.142857142857142,0.6666666666666666,Dropout
18,36,1,17,19,13.058823529411764,0.4722222222222222,Safe
6,13,0,4,9,11.75,0.3076923076923077,Caution
6,9,0,5,4,11.833333333333334,0.5555555555555556,Dropout
11,14,0,10,4,12.4,0.7142857142857143,Safe
6,8,1,6,2,13.428571428571429,0.75,Caution
5,5,0,0,5,0.0,0.0,Dropout
5,5,0,5,0,11.0,1.0,Safe
6,8,0,6,2,13.625,0.75,Safe
5,6,0,4,2,11.8,0.6666666666666666,Caution
5,5,0,0,5,0.0,0.0,Dropout
6,9,0,2,7,15.0,0.2222222222222222,Dropout
6,9,0,5,4,10.8,0.5555555555555556,Safe
5,11,0,3,8,13.666666666666666,0.2727272727272727,Dropout
6,8,0,6,2,12.833333333333334,0.75,Safe
0,0,0,0,0,0.0,0.0,Dropout
6,8,0,6,2,15.125,0.75,Safe
5,11,0,0,11,0.0,0.0,Dropout
6,10,0,5,5,11.4,0.5,Safe
6,12,0,4,8,12.25,0.3333333333333333,Safe
6,0,0,0,0,0.0,0.0,Dropout
7,12,0,3,9,14.0,0.25,Caution
6,7,0,6,1,12.333333333333334,0.8571428571428571,Caution
5,8,0,5,3,10.666666666666666,0.625,Caution
5,9,0,5,4,11.833333333333334,0.5555555555555556,Caution
5,14,0,0,14,0.0,0.0,Dropout
6,6,0,6,0,11.666666666666666,1.0,Caution
5,7,0,2,5,13.0,0.2857142857142857,Dropout
2,5,0,0,5,0.0,0.0,Dropout
8,8,3,0,8,0.0,0.0,Dropout
5,5,0,5,0,13.0,1.0,Safe
6,7,0,6,1,13.857142857142858,0.8571428571428571,Safe
7,7,0,6,1,13.391666666666666,0.8571428571428571,Safe
5,7,0,4,3,12.75,0.5714285714285714,Dropout
5,7,0,4,3,14.5,0.5714285714285714,Safe
6,7,0,6,1,12.166666666666666,0.8571428571428571,Safe
5,5,0,5,0,15.4,1.0,Dropout
5,9,0,2,7,13.333333333333334,0.2222222222222222,Dropout
5,5,0,0,5,0.0,0.0,Dropout
6,0,0,0,0,0.0,0.0,Dropout
6,7,0,6,1,13.714285714285714,0.8571428571428571,Safe
6,7,0,4,3,12.25,0.5714285714285714,Dropout
6,9,1,5,4,16.0,0.5555555555555556,Caution
5,8,0,1,7,11.0,0.125,Dropout
7,7,0,7,0,14.085714285714284,1.0,Caution
6,9,0,6,3,10.166666666666666,0.6666666666666666,Safe
5,8,0,1,7,10.0,0.125,Dropout
5,10,0,0,10,0.0,0.0,Caution
5,10,0,2,8,10.5,0.2,Dropout
0,0,0,0,0,0.0,0.0,Safe
6,6,0,0,6,0.0,0.0,Dropout
6,12,0,0,12,0.0,0.0,Dropout
6,8,0,0,8,0.0,0.0,Dropout
6,15,0,5,10,13.333333333333334,0.3333333333333333,Safe
0,0,0,0,0,0.0,0.0,Dropout
6,7,0,6,1,13.571428571428571,0.8571428571428571,Safe
6,6,0,6,0,12.833333333333334,1.0,Safe
5,6,0,4,2,10.25,0.6666666666666666,Dropout
6,6,0,0,6,0.0,0.0,Dropout
5,5,0,4,1,14.5,0.8,Dropout
5,6,0,5,1,15.8,0.8333333333333334,Caution
6,0,0,0,0,0.0,0.0,Dropout
5,8,0,4,4,12.5,0.5,Caution
18,22,0,18,4,11.666666666666666,0.8181818181818182,Safe
5,6,0,4,2,13.0,0.6666666666666666,Safe
7,8,0,7,1,12.12142857142857,0.875,Safe
11,15,0,9,6,14.22222222222222,0.6,Safe
6,17,0,4,13,12.5,0.23529411764705882,Caution
5,7,0,5,2,12.166666666666666,0.7142857142857143,Safe
6,0,0,0,0,0.0,0.0,Dropout
6,6,0,6,0,12.666666666666666,1.0,Safe
8,8,0,7,1,13.614285714285714,0.875,Safe
18,32,1,12,20,12.857142857142858,0.375,Safe
5,7,0,4,3,14.0,0.5714285714285714,Safe
6,8,0,4,4,14.75,0.5,Safe
6,0,0,0,0,0.0,0.0,Dropout
6,8,0,6,2,13.625,0.75,Safe
0,0,0,0,0,0.0,0.0,Safe
6,12,0,4,8,11.8,0.3333333333333333,Dropout
6,8,0,6,2,15.125,0.75,Safe
6,10,0,4,6,11.5,0.4,Dropout
5,12,0,1,11,10.0,0.08333333333333333,Caution
4,8,0,0,8,0.0,0.0,Dropout
5,9,0,3,6,10.333333333333334,0.3333333333333333,Safe
5,9,0,0,9,0.0,0.0,Caution
6,9,2,4,5,12.0,0.4444444444444444,Caution
6,6,0,6,0,13.833333333333334,1.0,Safe
17,19,0,13,6,12.153846153846152,0.6842105263157895,Caution
6,7,0,6,1,14.0,0.8571428571428571,Safe
6,8,0,6,2,16.5,0.75,Caution
5,11,2,1,10,18.0,0.09090909090909091,Dropout
6,11,0,6,5,11.285714285714286,0.5454545454545454,Caution
0,0,0,0,0,0.0,0.0,Safe
0,0,0,0,0,0.0,0.0,Caution
6,10,0,5,5,14.0,0.5,Caution
5,13,1,4,9,13.75,0.3076923076923077,Caution
6,9,0,4,5,13.25,0.4444444444444444,Dropout
5,7,0,4,3,14.25,0.5714285714285714,Safe
5,9,1,0,9,0.0,0.0,Dropout
12,12,0,8,4,11.25,0.6666666666666666,Dropout
6,7,0,6,1,13.5,0.8571428571428571,Safe
6,8,0,5,3,12.666666666666666,0.625,Safe
6,6,0,6,0,15.166666666666666,1.0,Safe
6,6,0,6,0,13.166666666666666,1.0,Dropout
12,20,0,10,10,11.8,0.5,Caution
5,10,0,4,6,11.5,0.4,Caution
6,6,0,6,0,14.5,1.0,Safe
6,10,0,5,5,13.4,0.5,Caution
0,0,0,0,0,0.0,0.0,Safe
5,8,0,4,4,10.8,0.5,Dropout
5,6,0,0,6,0.0,0.0,Dropout
10,23,0,6,17,11.428571428571429,0.2608695652173913,Dropout
14,24,2,8,16,12.5,0.3333333333333333,Dropout
5,11,0,2,9,13.5,0.18181818181818182,Caution
6,6,0,0,6,0.0,0.0,Dropout
5,8,0,5,3,12.75,0.625,Safe
6,17,3,3,14,11.333333333333334,0.17647058823529413,Caution
6,8,0,0,8,0.0,0.0,Dropout
6,9,0,5,4,11.4,0.5555555555555556,Caution
6,7,0,6,1,14.428571428571429,0.8571428571428571,Safe
7,9,0,7,2,12.492857142857144,0.7777777777777778,Safe
8,10,0,4,6,11.5,0.4,Dropout
5,7,0,5,2,11.2,0.7142857142857143,Safe
5,9,1,3,6,12.0,0.3333333333333333,Dropout
8,8,0,7,1,15.885714285714286,0.875,Safe
7,12,0,4,8,12.94,0.3333333333333333,Dropout
6,6,0,6,0,14.0,1.0,Safe
0,0,0,0,0,0.0,0.0,Safe
7,7,7,0,7,0.0,0.0,Dropout
5,0,0,0,0,0.0,0.0,Dropout
5,8,0,4,4,11.25,0.5,Dropout
5,5,0,0,5,0.0,0.0,Dropout
6,13,0,4,9,11.25,0.3076923076923077,Dropout
5,11,0,3,8,10.666666666666666,0.2727272727272727,Caution
6,9,0,5,4,11.8,0.5555555555555556,Safe
10,19,1,8,11,11.625,0.42105263157894735,Safe
6,11,0,0,11,0.0,0.0,Dropout
6,8,0,4,4,10.25,0.5,Dropout
15,16,0,15,1,10.8,0.9375,Safe
12,15,0,11,4,12.545454545454543,0.7333333333333333,Safe
7,7,0,7,0,13.571428571428571,1.0,Caution
6,0,0,0,0,0.0,0.0,Dropout
5,5,0,0,5,0.0,0.0,Dropout
6,9,0,6,3,14.77777777777778,0.6666666666666666,Safe
3,4,0,0,4,0.0,0.0,Dropout
2,2,0,0,2,0.0,0.0,Dropout
4,4,0,0,4,0.0,0.0,Dropout
5,10,0,0,10,0.0,0.0,Dropout
5,5,0,5,0,11.4,1.0,Safe
9,13,0,6,7,11.666666666666666,0.46153846153846156,Dropout
10,12,0,7,5,11.285714285714286,0.5833333333333334,Dropout
6,12,0,4,8,11.5,0.3333333333333333,Safe
5,5,0,5,0,16.0,1.0,Safe
6,6,0,6,0,12.5,1.0,Dropout
5,7,0,4,3,12.0,0.5714285714285714,Caution
5,11,2,0,11,0.0,0.0,Caution
5,10,0,5,5,13.0,0.5,Safe
18,27,1,13,14,13.714285714285714,0.48148148148148145,Safe
5,9,0,3,6,12.333333333333334,0.3333333333333333,Dropout
17,31,4,11,20,12.727272727272728,0.3548387096774194,Dropout
5,5,0,1,4,14.0,0.2,Dropout
5,0,0,0,0,0.0,0.0,Dropout
6,8,0,5,3,11.4,0.625,Caution
5,5,0,0,5,0.0,0.0,Dropout
6,8,0,6,2,18.875,0.75,Safe
6,12,0,0,12,0.0,0.0,Dropout
7,15,0,6,9,11.333333333333334,0.4,Caution
7,9,0,7,2,13.5,0.7777777777777778,Dropout
11,12,7,2,10,15.0,0.16666666666666666,Safe
5,10,0,0,10,0.0,0.0,Dropout
9,9,0,9,0,14.22222222222222,1.0,Dropout
0,0,0,0,0,0.0,0.0,Caution
7,14,2,4,10,12.0,0.2857142857142857,Dropout
5,9,1,5,4,12.6,0.5555555555555556,Safe
12,12,0,12,0,15.083333333333334,1.0,Caution
5,5,0,0,5,0.0,0.0,Dropout
6,8,0,6,2,14.5,0.75,Safe
6,6,0,6,0,14.5,1.0,Safe
5,12,0,3,9,10.0,0.25,Caution
5,0,0,0,0,0.0,0.0,Dropout
5,5,0,5,0,11.6,1.0,Safe
6,10,0,4,6,11.75,0.4,Dropout
6,0,0,0,0,0.0,0.0,Dropout
0,0,0,0,0,0.0,0.0,Dropout
6,7,0,0,7,0.0,0.0,Dropout
5,7,0,4,3,11.25,0.5714285714285714,Dropout
6,9,0,5,4,11.571428571428571,0.5555555555555556,Dropout
5,7,0,4,3,10.0,0.5714285714285714,Caution
6,11,0,5,6,13.833333333333334,0.45454545454545453,Caution
6,6,0,4,2,12.75,0.6666666666666666,Dropout
4,4,0,0,4,0.0,0.0,Dropout
6,13,0,5,8,11.6,0.38461538461538464,Caution
5,5,0,0,5,0.0,0.0,Dropout
6,6,0,4,2,11.25,0.6666666666666666,Dropout
6,0,0,0,0,0.0,0.0,Dropout
6,6,0,6,0,14.333333333333334,1.0,Safe
6,7,0,0,7,0.0,0.0,Dropout
23,23,3,20,3,13.5,0.8695652173913043,Safe
6,8,0,6,2,12.666666666666666,0.75,Caution
7,7,0,7,0,12.444285714285714,1.0,Safe
5,7,1,3,4,10.666666666666666,0.42857142857142855,Dropout
0,0,0,0,0,0.0,0.0,Caution
6,6,0,6,0,12.666666666666666,1.0,Safe
5,5,0,5,0,13.2,1.0,Safe
12,20,0,10,10,12.7,0.5,Safe
5,6,0,5,1,14.833333333333334,0.8333333333333334,Safe
10,10,0,4,6,11.5,0.4,Dropout
6,0,0,0,0,0.0,0.0,Dropout
5,0,0,0,0,0.0,0.0,Dropout
5,7,1,3,4,12.666666666666666,0.42857142857142855,Caution
6,7,0,6,1,14.714285714285714,0.8571428571428571,Safe
6,11,0,3,8,13.666666666666666,0.2727272727272727,Caution
5,9,0,5,4,10.8,0.5555555555555556,Caution
8,13,0,4,9,10.5,0.3076923076923077,Dropout
6,10,0,6,4,15.0,0.6,Safe
6,6,0,6,0,12.666666666666666,1.0,Safe
6,7,0,6,1,13.166666666666666,0.8571428571428571,Safe
0,0,0,0,0,0.0,0.0,Safe
6,6,0,6,0,13.0,1.0,Safe
0,0,0,0,0,0.0,0.0,Dropout
6,13,0,2,11,10.0,0.15384615384615385,Dropout
6,7,0,6,1,13.333333333333334,0.8571428571428571,Safe
6,13,0,3,10,12.333333333333334,0.23076923076923078,Safe
21,23,0,20,3,13.181818181818182,0.8695652173913043,Safe
7,7,0,6,1,12.513333333333334,0.8571428571428571,Safe
6,0,0,0,0,0.0,0.0,Dropout
8,8,0,7,1,13.585714285714284,0.875,Safe
7,9,0,7,2,11.155555555555557,0.7777777777777778,Safe
7,9,0,6,3,11.857142857142858,0.6666666666666666,Safe
0,0,0,0,0,0.0,0.0,Safe
14,14,0,14,0,14.0,1.0,Safe
6,8,0,5,3,12.0,0.625,Dropout
7,15,0,4,11,11.575,0.26666666666666666,Caution
7,8,0,7,1,13.198571428571428,0.875,Safe
6,10,0,6,4,13.5,0.6,Safe
6,6,0,6,0,13.333333333333334,1.0,Dropout
5,10,0,4,6,14.25,0.4,Caution
6,7,0,6,1,12.166666666666666,0.8571428571428571,Safe
8,8,0,7,1,12.214285714285714,0.875,Safe
6,8,0,6,2,12.666666666666666,0.75,Safe
6,7,0,6,1,12.285714285714286,0.8571428571428571,Safe
6,7,0,6,1,13.0,0.8571428571428571,Safe
6,8,0,6,2,12.142857142857142,0.75,Safe
7,8,0,7,1,13.875714285714285,0.875,Safe
6,0,0,0,0,0.0,0.0,Dropout
6,12,0,6,6,11.666666666666666,0.5,Dropout
6,13,0,6,7,13.153846153846152,0.46153846153846156,Safe
6,6,0,6,0,14.5,1.0,Dropout
7,7,0,7,0,14.44142857142857,1.0,Safe
6,6,0,6,0,15.166666666666666,1.0,Safe
5,5,0,5,0,11.6,1.0,Safe
6,6,0,6,0,11.666666666666666,1.0,Safe
6,8,0,6,2,12.625,0.75,Safe
6,14,0,3,11,12.666666666666666,0.21428571428571427,Safe
6,7,1,6,1,12.833333333333334,0.8571428571428571,Caution
6,7,0,6,1,11.857142857142858,0.8571428571428571,Safe
6,8,1,5,3,11.4,0.625,Caution
5,10,2,5,5,14.857142857142858,0.5,Caution
6,7,0,6,1,14.714285714285714,0.8571428571428571,Safe
6,6,0,6,0,13.5,1.0,Safe
5,7,0,4,3,11.5,0.5714285714285714,Safe
5,9,0,2,7,14.0,0.2222222222222222,Dropout
7,8,0,6,2,12.833333333333334,0.75,Dropout
7,7,0,7,0,13.428571428571429,1.0,Safe
6,0,0,0,0,0.0,0.0,Dropout
6,18,0,3,15,11.666666666666666,0.16666666666666666,Caution
6,6,0,6,0,16.0,1.0,Safe
6,6,0,6,0,13.833333333333334,1.0,Safe
8,9,1,8,1,13.2325,0.8888888888888888,Safe
6,6,0,6,0,14.0,1.0,Safe
6,14,0,2,12,10.0,0.14285714285714285,Dropout
16,16,0,15,1,13.333333333333334,0.9375,Safe
6,6,0,6,0,12.5,1.0,Caution
6,6,0,6,0,12.5,1.0,Safe
5,8,0,2,6,10.5,0.25,Dropout
5,11,0,3,8,10.666666666666666,0.2727272727272727,Caution
5,9,0,4,5,10.5,0.4444444444444444,Caution
5,10,0,4,6,12.0,0.4,Safe
0,0,0,0,0,0.0,0.0,Caution
5,11,0,5,6,11.5,0.45454545454545453,Caution
6,6,0,6,0,14.0,1.0,Dropout
6,7,0,6,1,13.5,0.8571428571428571,Safe
8,8,0,8,0,13.07375,1.0,Safe
7,9,0,2,7,10.75,0.2222222222222222,Dropout
6,11,0,1,10,12.0,0.09090909090909091,Caution
6,6,0,6,0,14.0,1.0,Safe
6,7,0,6,1,12.333333333333334,0.8571428571428571,Safe
7,7,0,7,0,13.464285714285714,1.0,Safe
6,14,1,3,11,10.666666666666666,0.21428571428571427,Caution
5,6,0,5,1,11.6,0.8333333333333334,Caution
6,6,0,6,0,13.666666666666666,1.0,Safe
8,9,1,8,1,14.4025,0.8888888888888888,Safe
7,9,0,7,2,15.46875,0.7777777777777778,Safe
6,8,0,6,2,12.625,0.75,Safe
7,7,0,6,1,14.983333333333334,0.8571428571428571,Safe
6,6,0,6,0,15.0,1.0,Safe
9,9,0,9,0,15.88888888888889,1.0,Safe
6,14,0,4,10,11.5,0.2857142857142857,Dropout
6,14,0,2,12,10.5,0.14285714285714285,Dropout
7,7,0,6,1,13.983333333333334,0.8571428571428571,Safe
6,6,0,6,0,13.0,1.0,Safe
6,6,0,6,0,13.666666666666666,1.0,Safe
6,8,0,0,8,0.0,0.0,Dropout
5,5,0,5,0,14.4,1.0,Safe
5,10,0,4,6,12.0,0.4,Caution
6,6,0,6,0,14.166666666666666,1.0,Safe
6,8,0,5,3,12.2,0.625,Safe
5,8,1,3,5,12.0,0.375,Caution
5,11,0,2,9,10.5,0.18181818181818182,Caution
6,8,0,3,5,12.333333333333334,0.375,Dropout
6,7,0,5,2,12.2,0.7142857142857143,Caution
6,6,0,0,6,0.0,0.0,Dropout
7,10,0,6,4,11.5,0.6,Caution
9,9,0,9,0,10.88888888888889,1.0,Safe
7,12,0,6,6,12.166666666666666,0.5,Dropout
5,7,1,2,5,10.0,0.2857142857142857,Caution
6,6,0,6,0,12.666666666666666,1.0,Safe
6,9,0,5,4,11.4,0.5555555555555556,Dropout
0,0,0,0,0,0.0,0.0,Dropout
5,14,2,2,12,13.0,0.14285714285714285,Caution
6,8,0,5,3,13.4,0.625,Caution
6,6,0,6,0,13.5,1.0,Dropout
6,14,0,4,10,12.25,0.2857142857142857,Caution
6,7,0,6,1,12.285714285714286,0.8571428571428571,Safe
5,12,4,0,12,0.0,0.0,Dropout
6,10,0,2,8,10.5,0.2,Dropout
5,12,2,3,9,14.0,0.25,Safe
5,7,0,5,2,14.2,0.7142857142857143,Safe
6,8,0,5,3,13.0,0.625,Dropout
6,6,0,6,0,11.0,1.0,Safe
8,9,0,3,6,11.0,0.3333333333333333,Dropout
7,9,0,6,3,12.385714285714286,0.6666666666666666,Safe
6,12,0,4,8,14.75,0.3333333333333333,Safe
5,6,0,5,1,16.166666666666668,0.8333333333333334,Safe
5,7,0,0,7,0.0,0.0,Dropout
5,6,0,5,1,12.4,0.8333333333333334,Dropout
6,8,0,5,3,11.6,0.625,Dropout
6,8,0,5,3,12.2,0.625,Dropout
6,7,0,5,2,11.0,0.7142857142857143,Safe
6,8,0,6,2,12.333333333333334,0.75,Dropout
6,6,0,6,0,14.833333333333334,1.0,Safe
10,15,0,9,6,11.555555555555555,0.6,Caution
6,6,0,6,0,12.0,1.0,Safe
13,13,0,11,2,12.727272727272728,0.8461538461538461,Safe
2,2,0,2,0,10.5,1.0,Dropout
6,6,0,6,0,12.333333333333334,1.0,Safe
5,10,0,0,10,0.0,0.0,Dropout
7,7,0,7,0,14.842857142857143,1.0,Safe
7,7,0,7,0,12.2,1.0,Caution
5,10,0,4,6,10.8,0.4,Caution
5,7,0,4,3,12.75,0.5714285714285714,Caution
5,13,0,2,11,11.0,0.15384615384615385,Dropout
6,9,0,4,5,10.75,0.4444444444444444,Dropout
8,9,1,8,1,12.55375,0.8888888888888888,Safe
8,8,0,7,1,12.665714285714284,0.875,Safe
6,10,0,6,4,12.714285714285714,0.6,Caution
7,7,0,2,5,11.75,0.2857142857142857,Dropout
6,11,0,3,8,11.0,0.2727272727272727,Dropout
0,0,0,0,0,0.0,0.0,Safe
5,5,0,5,0,13.4,1.0,Safe
17,21,0,17,4,12.578947368421051,0.8095238095238095,Safe
5,0,0,0,0,0.0,0.0,Dropout
6,8,0,6,2,12.0,0.75,Safe
6,6,0,3,3,12.333333333333334,0.5,Dropout
5,11,0,4,7,11.5,0.36363636363636365,Dropout
6,7,0,5,2,12.8,0.7142857142857143,Safe
0,0,0,0,0,0.0,0.0,Dropout
7,8,0,7,1,13.285714285714286,0.875,Caution
6,16,0,4,12,11.8,0.25,Dropout
13,13,0,6,7,11.333333333333334,0.46153846153846156,Dropout
8,12,1,5,7,12.002,0.4166666666666667,Dropout
7,10,0,5,5,13.976666666666668,0.5,Caution
6,10,0,5,5,15.2,0.5,Dropout
6,7,0,6,1,13.142857142857142,0.8571428571428571,Safe
5,14,1,0,14,0.0,0.0,Dropout
8,11,0,7,4,13.867142857142856,0.6363636363636364,Safe
8,11,0,6,5,12.675,0.5454545454545454,Safe
0,0,0,0,0,0.0,0.0,Safe
6,6,0,6,0,12.0,1.0,Caution
0,0,0,0,0,0.0,0.0,Dropout
6,7,0,6,1,11.0,0.8571428571428571,Dropout
5,11,0,4,7,10.75,0.36363636363636365,Dropout
6,7,0,5,2,14.2,0.7142857142857143,Safe
7,11,0,4,7,12.6,0.36363636363636365,Dropout
5,5,0,0,5,0.0,0.0,Dropout
5,6,0,5,1,14.0,0.8333333333333334,Safe
6,16,0,2,14,10.0,0.125,Dropout
6,6,0,6,0,13.833333333333334,1.0,Safe
5,8,0,2,6,11.0,0.25,Dropout
8,8,0,7,1,11.635714285714286,0.875,Caution
6,6,0,4,2,12.25,0.6666666666666666,Dropout
5,9,0,4,5,12.5,0.4444444444444444,Caution
5,5,0,5,0,13.8,1.0,Safe
6,8,0,3,5,12.0,0.375,Dropout
5,9,0,3,6,11.0,0.3333333333333333,Caution
6,7,0,4,3,13.75,0.5714285714285714,Safe
6,6,0,6,0,10.666666666666666,1.0,Caution
7,7,0,0,7,0.0,0.0,Dropout
5,6,0,5,1,13.833333333333334,0.8333333333333334,Safe
6,6,0,0,6,0.0,0.0,Caution
5,5,0,5,0,15.8,1.0,Safe
14,26,1,12,14,12.52608695652174,0.46153846153846156,Safe
7,9,0,6,3,12.783333333333331,0.6666666666666666,Dropout
5,5,0,0,5,0.0,0.0,Dropout
5,8,0,3,5,13.0,0.375,Safe
6,8,0,0,8,0.0,0.0,Dropout
5,7,0,5,2,10.8,0.7142857142857143,Caution
5,7,0,5,2,11.0,0.7142857142857143,Caution
4,4,0,0,4,0.0,0.0,Dropout
5,7,0,0,7,0.0,0.0,Caution
6,10,0,2,8,12.0,0.2,Dropout
5,7,0,4,3,10.75,0.5714285714285714,Dropout
5,8,0,5,3,11.6,0.625,Safe
5,6,0,5,1,11.8,0.8333333333333334,Safe
6,7,0,6,1,16.0,0.8571428571428571,Safe
6,6,0,6,0,12.666666666666666,1.0,Safe
7,12,0,4,8,14.4,0.3333333333333333,Caution
6,6,0,0,6,0.0,0.0,Dropout
6,11,0,4,7,12.25,0.36363636363636365,Caution
7,9,0,5,4,12.6,0.5555555555555556,Dropout
8,8,0,7,1,13.4,0.875,Safe
0,0,0,0,0,0.0,0.0,Dropout
6,9,0,1,8,10.0,0.1111111111111111,Dropout
5,5,0,0,5,0.0,0.0,Dropout
6,16,0,3,13,11.25,0.1875,Dropout
5,10,0,0,10,0.0,0.0,Caution
5,8,1,3,5,10.666666666666666,0.375,Dropout
5,7,0,4,3,11.75,0.5714285714285714,Safe
5,5,0,0,5,0.0,0.0,Dropout
6,6,0,6,0,12.666666666666666,1.0,Safe
7,14,0,7,7,11.95,0.5,Caution
6,7,0,5,2,14.0,0.7142857142857143,Safe
6,6,6,0,6,0.0,0.0,Dropout
5,11,0,2,9,11.5,0.18181818181818182,Dropout
6,10,0,6,4,12.0,0.6,Safe
6,7,0,6,1,16.428571428571427,0.8571428571428571,Dropout
7,9,0,5,4,13.336000000000002,0.5555555555555556,Safe
7,7,0,0,7,0.0,0.0,Caution
7,9,0,7,2,14.666666666666666,0.7777777777777778,Safe
8,8,0,7,1,14.115714285714288,0.875,Safe
6,7,0,6,1,14.857142857142858,0.8571428571428571,Safe
6,7,0,6,1,13.833333333333334,0.8571428571428571,Safe
5,10,0,3,7,11.0,0.3,Caution
6,11,0,4,7,11.75,0.36363636363636365,Caution
5,15,0,2,13,10.0,0.13333333333333333,Dropout
8,15,0,6,9,12.415,0.4,Safe
5,12,0,1,11,11.0,0.08333333333333333,Caution
6,14,0,5,9,14.428571428571429,0.35714285714285715,Safe
8,8,0,7,1,14.312857142857142,0.875,Safe
6,8,0,6,2,15.428571428571429,0.75,Caution
5,9,1,4,5,12.0,0.4444444444444444,Safe
6,7,0,6,1,13.833333333333334,0.8571428571428571,Safe
6,6,0,6,0,12.166666666666666,1.0,Safe
8,8,0,7,1,14.014285714285714,0.875,Caution
6,15,3,2,13,10.333333333333334,0.13333333333333333,Caution
6,7,0,5,2,13.2,0.7142857142857143,Safe
7,7,0,6,1,15.4,0.8571428571428571,Safe
7,7,0,7,0,13.385714285714286,1.0,Safe
6,13,0,6,7,10.857142857142858,0.46153846153846156,Dropout
5,11,0,5,6,11.333333333333334,0.45454545454545453,Safe
5,7,0,4,3,14.5,0.5714285714285714,Safe
6,6,0,6,0,14.166666666666666,1.0,Safe
6,7,0,6,1,12.833333333333334,0.8571428571428571,Safe
6,7,0,6,1,13.333333333333334,0.8571428571428571,Safe
6,7,0,6,1,13.666666666666666,0.8571428571428571,Safe
6,6,0,6,0,10.833333333333334,1.0,Dropout
6,7,0,6,1,13.428571428571429,0.8571428571428571,Safe
7,7,0,7,0,12.401428571428571,1.0,Caution
6,8,0,0,8,0.0,0.0,Dropout
4,4,0,0,4,0.0,0.0,Dropout
5,9,0,4,5,11.5,0.4444444444444444,Dropout
5,8,0,0,8,0.0,0.0,Dropout
6,8,0,6,2,14.142857142857142,0.75,Safe
6,6,0,0,6,0.0,0.0,Dropout
10,12,0,10,2,13.8,0.8333333333333334,Safe
10,10,0,10,0,13.6,1.0,Dropout
16,23,0,15,8,11.733333333333333,0.6521739130434783,Safe
5,8,0,1,7,10.0,0.125,Dropout
6,19,0,0,19,0.0,0.0,Dropout
6,6,0,0,6,0.0,0.0,Caution
6,12,0,4,8,10.8,0.3333333333333333,Caution
7,8,0,6,2,13.046666666666669,0.75,Dropout
9,13,0,8,5,11.0,0.6153846153846154,Caution
6,10,0,3,7,12.333333333333334,0.3,Caution
11,16,0,10,6,11.8,0.625,Safe
5,8,0,3,5,11.0,0.375,Caution
8,8,0,8,0,13.11,1.0,Safe
8,8,0,7,1,14.414285714285716,0.875,Safe
5,5,0,0,5,0.0,0.0,Dropout
5,8,0,5,3,12.333333333333334,0.625,Safe
7,9,0,0,9,0.0,0.0,Dropout
7,9,0,7,2,14.1,0.7777777777777778,Safe
8,8,0,8,0,13.045,1.0,Safe
8,10,3,5,5,12.858,0.5,Caution
8,8,0,8,0,14.2525,1.0,Safe
7,9,0,5,4,14.06,0.5555555555555556,Caution
8,8,0,7,1,15.075714285714286,0.875,Safe
0,0,0,0,0,0.0,0.0,Caution
5,5,0,4,1,13.75,0.8,Caution
17,28,2,17,11,13.15,0.6071428571428571,Safe
6,9,0,5,4,12.333333333333334,0.5555555555555556,Safe
7,8,0,7,1,13.778571428571428,0.875,Safe
6,12,0,3,9,10.333333333333334,0.25,Dropout
6,11,0,3,8,11.333333333333334,0.2727272727272727,Caution
6,7,0,5,2,13.2,0.7142857142857143,Caution
6,8,1,6,2,13.571428571428571,0.75,Safe
11,14,0,11,3,12.75,0.7857142857142857,Safe
6,11,0,3,8,13.0,0.2727272727272727,Dropout
5,7,0,3,4,11.333333333333334,0.42857142857142855,Caution
6,12,0,0,12,0.0,0.0,Dropout
0,0,0,0,0,0.0,0.0,Dropout
5,7,0,2,5,12.5,0.2857142857142857,Dropout
6,7,0,6,1,14.857142857142858,0.8571428571428571,Safe
9,13,0,8,5,12.0,0.6153846153846154,Safe
0,0,0,0,0,0.0,0.0,Safe
5,5,0,0,5,0.0,0.0,Caution
7,8,0,7,1,12.828571428571427,0.875,Safe
7,0,0,0,0,0.0,0.0,Dropout
6,6,0,6,0,13.333333333333334,1.0,Safe
14,20,6,14,6,13.072857142857144,0.7,Safe
7,13,0,5,8,12.0,0.38461538461538464,Dropout
6,6,0,6,0,15.5,1.0,Safe
6,6,0,0,6,0.0,0.0,Dropout
6,7,0,6,1,14.714285714285714,0.8571428571428571,Safe
6,7,0,6,1,16.714285714285715,0.8571428571428571,Safe
6,9,0,6,3,10.857142857142858,0.6666666666666666,Safe
7,8,0,6,2,11.658333333333331,0.75,Safe
6,8,0,5,3,11.6,0.625,Safe
6,8,0,6,2,14.625,0.75,Caution
6,6,0,6,0,12.166666666666666,1.0,Safe
7,12,0,4,8,13.375,0.3333333333333333,Caution
6,6,0,6,0,12.5,1.0,Safe
7,8,0,5,3,12.56,0.625,Dropout
7,7,0,7,0,13.19,1.0,Safe
6,11,0,3,8,11.0,0.2727272727272727,Safe
0,0,0,0,0,0.0,0.0,Safe
6,11,0,5,6,11.6,0.45454545454545453,Safe
7,7,0,6,1,14.266666666666666,0.8571428571428571,Safe
5,6,0,4,2,11.0,0.6666666666666666,Caution
10,11,0,9,2,12.666666666666666,0.8181818181818182,Safe
6,6,0,0,6,0.0,0.0,Caution
8,11,0,7,4,12.771428571428572,0.6363636363636364,Safe
5,12,3,0,12,0.0,0.0,Dropout
6,6,0,6,0,15.5,1.0,Safe
6,7,0,6,1,13.285714285714286,0.8571428571428571,Caution
7,11,0,5,6,11.716666666666669,0.45454545454545453,Caution
6,8,0,6,2,11.333333333333334,0.75,Dropout
6,6,0,6,0,13.333333333333334,1.0,Safe
5,13,0,4,9,12.333333333333334,0.3076923076923077,Safe
6,6,0,6,0,12.333333333333334,1.0,Caution
0,0,0,0,0,0.0,0.0,Dropout
5,8,0,5,3,12.6,0.625,Safe
5,5,0,5,0,12.6,1.0,Caution
6,10,0,6,4,14.333333333333334,0.6,Caution
5,8,0,3,5,12.0,0.375,Caution
6,7,0,6,1,14.857142857142858,0.8571428571428571,Safe
15,17,0,12,5,11.916666666666666,0.7058823529411765,Safe
5,5,0,0,5,0.0,0.0,Dropout
5,12,1,3,9,13.333333333333334,0.25,Caution
5,5,0,0,5,0.0,0.0,Dropout
6,6,0,6,0,17.0,1.0,Safe
6,13,0,3,10,11.666666666666666,0.23076923076923078,Caution
19,24,0,19,5,12.210526315789474,0.7916666666666666,Safe
6,8,1,6,2,13.0,0.75,Safe
5,0,0,0,0,0.0,0.0,Dropout
5,9,0,2,7,10.5,0.2222222222222222,Caution
6,7,0,6,1,13.571428571428571,0.8571428571428571,Safe
3,7,0,1,6,14.0,0.14285714285714285,Dropout
5,5,0,0,5,0.0,0.0,Dropout
15,20,1,13,7,12.461538461538462,0.65,Dropout
6,8,0,4,4,14.4,0.5,Safe
6,6,0,0,6,0.0,0.0,Dropout
6,6,0,6,0,14.333333333333334,1.0,Safe
13,21,0,11,10,11.909090909090908,0.5238095238095238,Safe
6,8,1,6,2,13.714285714285714,0.75,Safe
7,0,0,0,0,0.0,0.0,Dropout
7,10,0,5,5,13.46,0.5,Dropout
6,6,0,6,0,15.0,1.0,Safe
0,0,0,0,0,0.0,0.0,Dropout
6,7,0,5,2,13.4,0.7142857142857143,Safe
6,9,0,5,4,13.0,0.5555555555555556,Caution
6,13,0,4,9,11.25,0.3076923076923077,Safe
5,5,0,5,0,12.6,1.0,Safe
6,8,0,6,2,12.666666666666666,0.75,Safe
21,23,0,21,2,12.333333333333334,0.9130434782608695,Safe
6,11,0,5,6,12.0,0.45454545454545453,Dropout
5,5,0,5,0,16.4,1.0,Safe
1,1,1,0,1,0.0,0.0,Dropout
6,10,0,6,4,12.75,0.6,Safe
5,14,1,4,10,14.5,0.2857142857142857,Caution
5,5,0,5,0,14.8,1.0,Safe
17,22,0,17,5,10.36842105263158,0.7727272727272727,Safe
7,0,0,0,0,0.0,0.0,Dropout
10,15,0,6,9,10.666666666666666,0.4,Caution
15,21,0,13,8,12.692307692307692,0.6190476190476191,Safe
5,0,0,0,0,0.0,0.0,Dropout
15,15,0,15,0,11.8,1.0,Caution
7,7,0,0,7,0.0,0.0,Dropout
6,9,0,5,4,12.333333333333334,0.5555555555555556,Caution
12,18,0,11,7,13.0,0.6111111111111112,Dropout
6,13,0,4,9,12.5,0.3076923076923077,Dropout
6,8,0,5,3,12.2,0.625,Safe
10,15,0,8,7,11.0,0.5333333333333333,Caution
5,14,0,1,13,10.0,0.07142857142857142,Dropout
6,7,0,6,1,12.333333333333334,0.8571428571428571,Safe
13,13,0,13,0,14.307692307692308,1.0,Safe
11,13,0,11,2,14.454545454545457,0.8461538461538461,Safe
5,6,0,5,1,11.0,0.8333333333333334,Safe
6,8,0,6,2,13.142857142857142,0.75,Safe
6,8,0,6,2,13.75,0.75,Safe
6,6,0,6,0,14.0,1.0,Safe
8,13,0,8,5,13.75,0.6153846153846154,Safe
5,5,0,0,5,0.0,0.0,Dropout
6,6,0,6,0,13.166666666666666,1.0,Safe
12,12,3,9,3,12.444444444444445,0.75,Dropout
6,7,0,6,1,12.666666666666666,0.8571428571428571,Safe
6,7,0,6,1,11.333333333333334,0.8571428571428571,Safe
5,9,0,4,5,11.25,0.4444444444444444,Caution
7,8,0,7,1,13.6125,0.875,Safe
8,8,0,7,1,12.414285714285716,0.875,Safe
0,0,0,0,0,0.0,0.0,Safe
12,21,0,11,10,11.5,0.5238095238095238,Caution
5,5,0,0,5,0.0,0.0,Dropout
7,10,0,7,3,11.0,0.7,Safe
6,6,0,6,0,14.0,1.0,Safe
6,13,0,4,9,12.0,0.3076923076923077,Dropout
6,7,0,6,1,12.5,0.8571428571428571,Safe
6,8,0,6,2,11.333333333333334,0.75,Safe
7,7,0,6,1,14.066666666666668,0.8571428571428571,Safe
9,14,0,8,6,13.555555555555555,0.5714285714285714,Safe
6,13,0,5,8,11.6,0.38461538461538464,Dropout
6,0,0,0,0,0.0,0.0,Dropout
8,8,0,8,0,13.27625,1.0,Safe
6,0,0,0,0,0.0,0.0,Dropout
6,8,0,6,2,14.375,0.75,Safe
5,0,0,0,0,0.0,0.0,Dropout
6,7,0,6,1,10.666666666666666,0.8571428571428571,Caution
13,19,0,12,7,13.416666666666666,0.631578947368421,Safe
7,9,0,6,3,12.97166666666667,0.6666666666666666,Safe
15,16,0,14,2,10.928571428571429,0.875,Dropout
6,6,0,0,6,0.0,0.0,Dropout
0,0,0,0,0,0.0,0.0,Safe
6,6,0,4,2,13.25,0.6666666666666666,Caution
6,14,0,6,8,11.333333333333334,0.42857142857142855,Dropout
5,6,0,1,5,11.0,0.16666666666666666,Dropout
8,9,0,7,2,12.757142857142856,0.7777777777777778,Safe
6,6,0,6,0,14.5,1.0,Safe
6,6,0,6,0,13.833333333333334,1.0,Safe
5,8,0,4,4,11.25,0.5,Safe
0,0,0,0,0,0.0,0.0,Dropout
8,10,7,1,9,13.67,0.1,Caution
5,9,0,0,9,0.0,0.0,Dropout
5,10,4,1,9,13.0,0.1,Dropout
5,5,0,0,5,0.0,0.0,Dropout
8,12,0,7,5,11.971428571428572,0.5833333333333334,Safe
6,12,0,0,12,0.0,0.0,Dropout
6,11,0,1,10,16.0,0.09090909090909091,Dropout
6,0,0,0,0,0.0,0.0,Dropout
6,9,1,4,5,12.75,0.4444444444444444,Dropout
5,9,0,4,5,11.0,0.4444444444444444,Caution
2,2,0,0,2,0.0,0.0,Dropout
6,7,0,5,2,12.2,0.7142857142857143,Safe
7,9,0,7,2,12.428571428571429,0.7777777777777778,Caution
12,12,0,12,0,14.5,1.0,Safe
12,13,0,6,7,13.0,0.46153846153846156,Safe
7,7,0,7,0,11.714285714285714,1.0,Safe
7,12,0,4,8,10.25,0.3333333333333333,Dropout
6,0,0,0,0,0.0,0.0,Dropout
6,9,0,6,3,12.375,0.6666666666666666,Safe
6,6,0,6,0,12.666666666666666,1.0,Safe
6,13,0,3,10,10.5,0.23076923076923078,Dropout
6,11,0,6,5,14.125,0.5454545454545454,Safe
6,7,0,6,1,14.666666666666666,0.8571428571428571,Safe
5,8,0,5,3,11.4,0.625,Caution
0,0,0,0,0,0.0,0.0,Dropout
6,7,0,6,1,14.0,0.8571428571428571,Safe
0,0,0,0,0,0.0,0.0,Safe
7,7,7,0,7,0.0,0.0,Dropout
11,11,0,11,0,12.636363636363637,1.0,Safe
6,11,0,3,8,12.333333333333334,0.2727272727272727,Dropout
6,7,0,6,1,15.0,0.8571428571428571,Safe
6,8,0,4,4,11.75,0.5,Safe
8,8,0,7,1,14.13714285714286,0.875,Safe
6,6,0,2,4,12.0,0.3333333333333333,Dropout
5,5,0,5,0,10.8,1.0,Safe
6,8,1,6,2,13.285714285714286,0.75,Dropout
5,7,0,5,2,13.6,0.7142857142857143,Safe
7,8,0,7,1,13.55,0.875,Safe
8,8,5,0,8,0.0,0.0,Caution
6,10,0,4,6,13.5,0.4,Safe
6,8,0,5,3,11.6,0.625,Safe
10,16,0,10,6,12.5,0.625,Safe
5,14,0,1,13,11.0,0.07142857142857142,Dropout
5,9,1,3,6,12.0,0.3333333333333333,Caution
5,8,0,4,4,11.6,0.5,Safe
0,0,0,0,0,0.0,0.0,Dropout
10,14,0,10,4,14.636363636363637,0.7142857142857143,Safe
6,8,0,6,2,13.0,0.75,Safe
18,23,2,14,9,12.785714285714286,0.6086956521739131,Dropout
6,6,0,6,0,14.5,1.0,Safe
5,12,3,4,8,14.6,0.3333333333333333,Dropout
6,7,0,6,1,12.5,0.8571428571428571,Safe
6,6,0,6,0,14.0,1.0,Safe
7,7,0,7,0,13.801428571428572,1.0,Safe
6,7,0,6,1,14.428571428571429,0.8571428571428571,Safe
7,7,0,6,1,14.35,0.8571428571428571,Safe
6,6,0,6,0,14.333333333333334,1.0,Safe
6,10,0,4,6,12.25,0.4,Caution
6,9,0,6,3,13.333333333333334,0.6666666666666666,Safe
12,12,0,12,0,13.0,1.0,Safe
6,10,0,4,6,11.75,0.4,Caution
6,8,0,6,2,14.5,0.75,Safe
8,8,0,7,1,11.82,0.875,Safe
6,0,0,0,0,0.0,0.0,Dropout
6,6,0,5,1,12.4,0.8333333333333334,Safe
6,7,0,6,1,12.571428571428571,0.8571428571428571,Safe
7,7,0,7,0,13.857142857142858,1.0,Safe
6,9,0,5,4,11.833333333333334,0.5555555555555556,Safe
5,10,0,4,6,11.0,0.4,Caution
6,6,0,6,0,14.666666666666666,1.0,Safe
4,4,0,0,4,0.0,0.0,Dropout
8,12,0,7,5,12.714285714285714,0.5833333333333334,Caution
7,9,0,7,2,13.422222222222224,0.7777777777777778,Safe
6,7,0,6,1,14.0,0.8571428571428571,Dropout
7,8,0,7,1,12.142857142857142,0.875,Dropout
5,5,0,5,0,12.8,1.0,Safe
7,7,0,7,0,14.572857142857142,1.0,Safe
5,9,0,4,5,11.25,0.4444444444444444,Safe
5,12,0,2,10,10.0,0.16666666666666666,Caution
6,8,0,5,3,14.4,0.625,Dropout
7,7,0,7,0,12.982857142857142,1.0,Safe
6,14,0,6,8,15.75,0.42857142857142855,Safe
6,11,0,5,6,12.285714285714286,0.45454545454545453,Dropout
7,7,0,6,1,13.755,0.8571428571428571,Safe
6,7,0,6,1,13.833333333333334,0.8571428571428571,Safe
7,0,0,0,0,0.0,0.0,Dropout
7,9,0,7,2,14.711111111111112,0.7777777777777778,Safe
11,13,0,11,2,14.615384615384617,0.8461538461538461,Safe
7,7,0,7,0,13.677142857142858,1.0,Safe
5,8,2,5,3,13.166666666666666,0.625,Safe
6,11,0,5,6,10.8,0.45454545454545453,Safe
5,8,0,3,5,12.0,0.375,Safe
7,8,0,6,2,13.958333333333334,0.75,Safe
6,9,0,4,5,13.0,0.4444444444444444,Dropout
0,0,0,0,0,0.0,0.0,Safe
0,0,0,0,0,0.0,0.0,Safe
8,8,0,7,1,14.0,0.875,Safe
6,10,0,6,4,12.571428571428571,0.6,Caution
6,6,0,4,2,12.0,0.6666666666666666,Dropout
8,8,0,8,0,13.625,1.0,Safe
5,7,0,4,3,12.5,0.5714285714285714,Safe
15,25,1,14,11,12.428571428571429,0.56,Dropout
7,8,0,7,1,13.3875,0.875,Safe
7,8,0,6,2,12.648333333333332,0.75,Safe
6,6,0,6,0,14.0,1.0,Safe
5,12,2,5,7,12.8,0.4166666666666667,Safe
6,8,0,6,2,11.333333333333334,0.75,Safe
7,0,0,0,0,0.0,0.0,Dropout
6,6,0,6,0,14.166666666666666,1.0,Safe
6,6,0,6,0,12.833333333333334,1.0,Safe
7,11,0,4,7,12.0,0.36363636363636365,Dropout
6,6,0,6,0,13.0,1.0,Dropout
7,8,0,6,2,13.39,0.75,Caution
6,6,0,6,0,12.333333333333334,1.0,Safe
6,8,1,6,2,12.571428571428571,0.75,Safe
6,6,0,6,0,12.333333333333334,1.0,Safe
6,8,0,5,3,13.0,0.625,Safe
5,7,0,3,4,12.333333333333334,0.42857142857142855,Caution
6,6,0,6,0,13.166666666666666,1.0,Dropout
5,7,0,5,2,13.333333333333334,0.7142857142857143,Safe
5,9,0,4,5,13.0,0.4444444444444444,Safe
7,21,3,5,16,10.9,0.23809523809523808,Dropout
5,8,0,2,6,11.5,0.25,Caution
6,7,0,6,1,15.857142857142858,0.8571428571428571,Safe
5,5,0,5,0,12.6,1.0,Dropout
6,8,0,6,2,14.0,0.75,Safe
5,8,2,3,5,14.666666666666666,0.375,Dropout
6,6,0,6,0,13.666666666666666,1.0,Safe
6,0,0,0,0,0.0,0.0,Dropout
8,8,0,7,1,12.628571428571428,0.875,Safe
8,8,0,7,1,14.232857142857142,0.875,Safe
6,6,0,6,0,15.0,1.0,Caution
6,15,0,2,13,10.0,0.13333333333333333,Dropout
6,11,0,4,7,12.25,0.36363636363636365,Dropout
6,6,0,6,0,13.5,1.0,Safe
6,8,0,5,3,12.2,0.625,Safe
6,0,0,0,0,0.0,0.0,Dropout
7,11,0,6,5,12.0,0.5454545454545454,Safe
7,9,0,5,4,12.32,0.5555555555555556,Caution
7,11,0,6,5,12.35,0.5454545454545454,Safe
6,0,0,0,0,0.0,0.0,Dropout
6,7,0,6,1,11.333333333333334,0.8571428571428571,Caution
6,6,0,0,6,0.0,0.0,Dropout
6,8,0,5,3,11.6,0.625,Dropout
5,10,0,4,6,12.0,0.4,Caution
15,17,0,12,5,11.75,0.7058823529411765,Dropout
6,8,0,5,3,12.8,0.625,Caution
5,7,0,3,4,11.333333333333334,0.42857142857142855,Dropout
5,5,0,0,5,0.0,0.0,Caution
5,5,0,5,0,10.8,1.0,Safe
6,10,0,5,5,12.5,0.5,Dropout
5,5,0,5,0,15.2,1.0,Safe
7,7,0,7,0,13.314285714285717,1.0,Safe
12,12,0,11,1,13.090909090909092,0.9166666666666666,Safe
6,0,0,0,0,0.0,0.0,Dropout
6,8,0,5,3,12.2,0.625,Safe
8,10,0,6,4,12.833333333333334,0.6,Caution
15,17,0,15,2,11.2,0.8823529411764706,Safe
5,8,0,3,5,12.333333333333334,0.375,Safe
8,8,0,7,1,15.94285714285714,0.875,Safe
5,0,0,0,0,0.0,0.0,Dropout
6,10,0,4,6,10.25,0.4,Safe
6,10,0,5,5,13.2,0.5,Caution
6,6,0,6,0,14.166666666666666,1.0,Safe
23,23,3,20,3,14.575,0.8695652173913043,Safe
6,9,1,1,8,10.0,0.1111111111111111,Dropout
6,7,0,6,1,12.285714285714286,0.8571428571428571,Safe
6,6,0,6,0,14.0,1.0,Safe
6,8,0,4,4,11.25,0.5,Dropout
6,11,0,5,6,11.6,0.45454545454545453,Caution
6,12,0,1,11,12.0,0.08333333333333333,Dropout
7,10,0,7,3,13.47,0.7,Safe
5,6,0,5,1,12.4,0.8333333333333334,Safe
6,9,0,3,6,11.75,0.3333333333333333,Dropout
0,0,0,0,0,0.0,0.0,Dropout
6,7,0,6,1,12.0,0.8571428571428571,Safe
5,8,2,5,3,15.333333333333334,0.625,Dropout
8,8,0,8,0,12.32,1.0,Safe
7,7,0,7,0,13.79857142857143,1.0,Safe
6,6,0,6,0,13.166666666666666,1.0,Caution
5,6,0,5,1,16.333333333333332,0.8333333333333334,Safe
0,0,0,0,0,0.0,0.0,Dropout
7,7,0,7,0,14.757142857142856,1.0,Safe
6,7,0,6,1,11.666666666666666,0.8571428571428571,Dropout
6,7,0,5,2,12.6,0.7142857142857143,Caution
6,6,0,6,0,11.666666666666666,1.0,Safe
6,6,0,6,0,15.0,1.0,Safe
7,0,0,0,0,0.0,0.0,Dropout
6,7,0,6,1,13.571428571428571,0.8571428571428571,Safe
6,8,0,5,3,10.8,0.625,Safe
5,8,1,3,5,11.333333333333334,0.375,Caution
10,16,0,5,11,11.4,0.3125,Dropout
7,14,0,7,7,10.642857142857142,0.5,Safe
5,8,0,3,5,10.5,0.375,Caution
7,7,0,6,1,14.65,0.8571428571428571,Safe
7,7,0,7,0,13.714285714285714,1.0,Safe
16,19,0,15,4,12.266666666666667,0.7894736842105263,Safe
6,11,0,6,5,10.375,0.5454545454545454,Caution
5,8,0,5,3,11.0,0.625,Safe
5,5,0,5,0,13.8,1.0,Safe
6,6,0,6,0,12.666666666666666,1.0,Safe
6,8,0,6,2,11.75,0.75,Safe
8,8,0,7,1,12.785714285714286,0.875,Safe
6,11,0,6,5,14.444444444444445,0.5454545454545454,Safe
7,8,0,6,2,13.25,0.75,Caution
7,9,0,7,2,12.50625,0.7777777777777778,Caution
0,0,0,0,0,0.0,0.0,Safe
5,8,1,4,4,12.75,0.5,Safe
6,7,0,6,1,16.857142857142858,0.8571428571428571,Safe
6,6,0,6,0,13.166666666666666,1.0,Safe
6,9,0,5,4,12.2,0.5555555555555556,Caution
6,7,0,6,1,16.5,0.8571428571428571,Safe
5,10,0,4,6,11.75,0.4,Safe
5,14,0,1,13,11.0,0.07142857142857142,Dropout
8,8,0,7,1,15.114285714285714,0.875,Safe
6,8,0,6,2,15.5,0.75,Safe
10,12,0,7,5,11.142857142857142,0.5833333333333334,Safe
6,6,0,6,0,11.333333333333334,1.0,Safe
7,9,0,5,4,12.04,0.5555555555555556,Caution
5,7,0,5,2,11.166666666666666,0.7142857142857143,Caution
5,6,0,5,1,10.6,0.8333333333333334,Safe
5,10,0,4,6,12.5,0.4,Caution
0,0,0,0,0,0.0,0.0,Dropout
6,6,0,6,0,15.666666666666666,1.0,Safe
12,12,0,12,0,15.333333333333334,1.0,Safe
7,9,0,6,3,12.183333333333332,0.6666666666666666,Caution
5,8,0,2,6,10.0,0.25,Caution
14,23,2,9,14,12.0,0.391304347826087,Safe
5,8,0,3,5,10.333333333333334,0.375,Dropout
6,11,0,6,5,11.166666666666666,0.5454545454545454,Caution
6,8,0,3,5,11.0,0.375,Caution
0,0,0,0,0,0.0,0.0,Safe
6,7,0,6,1,12.857142857142858,0.8571428571428571,Safe
8,8,0,7,1,14.328571428571427,0.875,Safe
6,7,0,6,1,15.0,0.8571428571428571,Safe
5,9,1,5,4,13.6,0.5555555555555556,Safe
5,12,2,5,7,12.857142857142858,0.4166666666666667,Safe
6,7,0,2,5,14.5,0.2857142857142857,Dropout
5,7,0,3,4,10.666666666666666,0.42857142857142855,Dropout
6,7,0,6,1,13.428571428571429,0.8571428571428571,Dropout
7,12,0,7,5,11.716666666666663,0.5833333333333334,Safe
5,11,0,4,7,12.0,0.36363636363636365,Safe
6,11,0,5,6,13.2,0.45454545454545453,Dropout
6,7,0,5,2,12.2,0.7142857142857143,Dropout
7,11,0,5,6,12.58,0.45454545454545453,Safe
6,9,0,5,4,11.333333333333334,0.5555555555555556,Caution
7,9,0,0,9,0.0,0.0,Dropout
7,9,0,6,3,12.428571428571429,0.6666666666666666,Safe
6,6,0,6,0,13.0,1.0,Dropout
8,8,0,7,1,14.535714285714286,0.875,Safe
7,8,0,5,3,11.2,0.625,Caution
6,6,0,6,0,16.0,1.0,Safe
6,13,0,5,8,13.142857142857142,0.38461538461538464,Dropout
14,23,0,11,12,11.6875,0.4782608695652174,Safe
5,11,0,4,7,10.5,0.36363636363636365,Caution
6,9,0,6,3,13.833333333333334,0.6666666666666666,Safe
5,0,0,0,0,0.0,0.0,Dropout
5,13,3,0,13,0.0,0.0,Dropout
7,9,0,0,9,0.0,0.0,Dropout
5,10,0,1,9,10.0,0.1,Dropout
0,0,0,0,0,0.0,0.0,Dropout
6,9,0,0,9,0.0,0.0,Dropout
6,7,0,4,3,12.6,0.5714285714285714,Dropout
5,10,0,3,7,11.25,0.3,Caution
7,13,0,7,6,12.375,0.5384615384615384,Dropout
10,15,0,7,8,10.714285714285714,0.4666666666666667,Caution
6,6,0,0,6,0.0,0.0,Dropout
6,14,0,5,9,12.0,0.35714285714285715,Caution
5,6,0,5,1,12.6,0.8333333333333334,Safe
6,7,0,0,7,0.0,0.0,Dropout
8,8,0,7,1,12.84142857142857,0.875,Safe
6,6,0,0,6,0.0,0.0,Dropout
6,7,0,6,1,14.166666666666666,0.8571428571428571,Safe
6,7,0,6,1,12.166666666666666,0.8571428571428571,Caution
6,12,0,4,8,10.8,0.3333333333333333,Dropout
6,6,0,6,0,13.0,1.0,Dropout
5,0,0,0,0,0.0,0.0,Dropout
5,5,0,5,0,13.0,1.0,Safe
6,8,0,6,2,11.571428571428571,0.75,Dropout
6,6,0,4,2,11.5,0.6666666666666666,Dropout
6,8,0,5,3,11.0,0.625,Safe
6,10,0,6,4,17.11111111111111,0.6,Safe
0,0,0,0,0,0.0,0.0,Caution
6,9,0,6,3,12.571428571428571,0.6666666666666666,Safe
6,6,0,0,6,0.0,0.0,Dropout
6,7,0,6,1,14.5,0.8571428571428571,Safe
6,6,0,6,0,13.5,1.0,Safe
6,9,0,5,4,11.2,0.5555555555555556,Dropout
5,10,0,3,7,10.666666666666666,0.3,Safe
13,15,0,9,6,11.0,0.6,Caution
1,2,0,0,2,0.0,0.0,Dropout
5,5,0,1,4,10.0,0.2,Dropout
7,14,0,5,9,12.36,0.35714285714285715,Dropout
6,8,0,6,2,15.25,0.75,Safe
5,5,0,0,5,0.0,0.0,Dropout
5,8,2,1,7,13.0,0.125,Dropout
8,8,0,8,0,13.81375,1.0,Safe
6,8,0,6,2,13.285714285714286,0.75,Safe
6,11,0,4,7,11.5,0.36363636363636365,Caution
7,8,0,7,1,11.9625,0.875,Safe
7,9,0,6,3,13.683333333333332,0.6666666666666666,Safe
8,8,0,7,1,14.985714285714286,0.875,Safe
5,8,0,4,4,11.25,0.5,Caution
6,8,0,4,4,12.5,0.5,Safe
6,0,0,0,0,0.0,0.0,Dropout
7,10,0,7,3,13.78,0.7,Safe
7,10,0,7,3,13.805,0.7,Safe
5,7,0,5,2,13.8,0.7142857142857143,Safe
5,7,0,3,4,12.666666666666666,0.42857142857142855,Caution
7,7,0,7,0,14.424285714285714,1.0,Safe
6,7,0,6,1,13.166666666666666,0.8571428571428571,Safe
5,10,0,3,7,10.666666666666666,0.3,Caution
16,20,1,14,6,12.071428571428571,0.7,Safe
6,10,0,3,7,10.25,0.3,Dropout
8,8,0,8,0,14.11,1.0,Safe
6,9,0,5,4,12.4,0.5555555555555556,Dropout
6,7,0,6,1,12.0,0.8571428571428571,Dropout
6,6,0,6,0,14.833333333333334,1.0,Safe
6,7,0,6,1,15.428571428571429,0.8571428571428571,Safe
5,7,0,5,2,11.6,0.7142857142857143,Safe
6,6,0,6,0,14.166666666666666,1.0,Safe
7,9,0,1,8,9.8,0.1111111111111111,Dropout
5,12,0,4,8,10.714285714285714,0.3333333333333333,Safe
5,7,0,0,7,0.0,0.0,Dropout
6,13,0,3,10,12.333333333333334,0.23076923076923078,Dropout
6,13,0,6,7,13.0,0.46153846153846156,Safe
5,7,0,4,3,11.4,0.5714285714285714,Safe
7,7,0,6,1,12.766666666666666,0.8571428571428571,Safe
6,11,0,5,6,12.6,0.45454545454545453,Safe
7,8,0,7,1,13.0,0.875,Safe
7,7,0,6,1,14.316666666666668,0.8571428571428571,Safe
5,7,0,4,3,12.75,0.5714285714285714,Safe
5,5,0,5,0,13.4,1.0,Safe
6,6,0,0,6,0.0,0.0,Dropout
5,6,0,4,2,15.75,0.6666666666666666,Safe
6,9,0,5,4,12.4,0.5555555555555556,Dropout
6,8,0,6,2,11.5,0.75,Safe
5,5,0,5,0,13.4,1.0,Safe
5,9,0,3,6,11.666666666666666,0.3333333333333333,Caution
7,0,0,0,0,0.0,0.0,Dropout
8,11,0,7,4,13.285714285714286,0.6363636363636364,Dropout
6,10,0,4,6,11.5,0.4,Dropout
9,11,0,8,3,13.25,0.7272727272727273,Safe
14,24,3,11,13,12.25,0.4583333333333333,Safe
7,8,0,6,2,12.0,0.75,Caution
6,10,0,1,9,12.0,0.1,Dropout
15,15,0,13,2,10.923076923076923,0.8666666666666667,Safe
12,12,0,10,2,12.0,0.8333333333333334,Dropout
5,10,0,5,5,13.714285714285714,0.5,Safe
5,8,0,1,7,10.0,0.125,Dropout
6,18,0,2,16,10.333333333333334,0.1111111111111111,Safe
7,8,0,7,1,12.728571428571428,0.875,Safe
15,22,0,12,10,13.333333333333334,0.5454545454545454,Dropout
11,20,0,9,11,12.22222222222222,0.45,Caution
6,7,0,6,1,11.333333333333334,0.8571428571428571,Safe
5,8,0,4,4,11.0,0.5,Caution
5,5,0,5,0,13.8,1.0,Safe
7,16,0,1,15,12.0,0.0625,Dropout
6,9,0,4,5,11.25,0.4444444444444444,Dropout
5,6,0,4,2,10.5,0.6666666666666666,Safe
18,20,0,18,2,11.555555555555555,0.9,Safe
6,13,0,1,12,14.0,0.07692307692307693,Dropout
6,17,0,1,16,13.0,0.058823529411764705,Dropout
6,13,0,2,11,11.0,0.15384615384615385,Dropout
8,8,0,7,1,13.68142857142857,0.875,Caution
7,11,0,6,5,12.1,0.5454545454545454,Caution
6,8,0,4,4,10.5,0.5,Safe
7,10,0,5,5,11.94,0.5,Caution
7,11,0,4,7,12.86,0.36363636363636365,Dropout
6,10,0,6,4,14.25,0.6,Safe
7,0,0,0,0,0.0,0.0,Dropout
0,0,0,0,0,0.0,0.0,Dropout
7,7,0,7,0,13.894285714285711,1.0,Safe
7,8,0,7,1,13.46875,0.875,Safe
5,5,0,5,0,13.6,1.0,Safe
6,6,0,6,0,14.666666666666666,1.0,Safe
6,6,0,6,0,13.666666666666666,1.0,Safe
12,22,0,10,12,13.3,0.45454545454545453,Safe
11,13,0,11,2,13.454545454545457,0.8461538461538461,Safe
8,8,0,8,0,13.41625,1.0,Safe
7,0,0,0,0,0.0,0.0,Dropout
6,6,0,6,0,11.333333333333334,1.0,Safe
6,8,0,6,2,16.0,0.75,Dropout
6,8,0,5,3,11.0,0.625,Caution
6,8,0,6,2,12.857142857142858,0.75,Caution
5,5,0,0,5,0.0,0.0,Dropout
5,5,0,5,0,14.8,1.0,Safe
5,7,0,1,6,13.0,0.14285714285714285,Dropout
0,0,0,0,0,0.0,0.0,Safe
9,14,0,4,10,10.0,0.2857142857142857,Dropout
6,11,0,5,6,11.2,0.45454545454545453,Safe
6,8,0,6,2,11.833333333333334,0.75,Safe
5,0,0,0,0,0.0,0.0,Dropout
5,8,0,2,6,10.5,0.25,Dropout
5,8,0,5,3,12.5,0.625,Dropout
0,0,0,0,0,0.0,0.0,Dropout
10,10,0,5,5,11.0,0.5,Caution
10,14,0,9,5,12.333333333333334,0.6428571428571429,Safe
6,9,0,0,9,0.0,0.0,Dropout
5,14,0,1,13,17.0,0.07142857142857142,Caution
5,5,0,5,0,11.0,1.0,Caution
6,11,0,5,6,11.142857142857142,0.45454545454545453,Safe
8,19,0,5,14,12.166666666666666,0.2631578947368421,Dropout
5,9,0,2,7,11.0,0.2222222222222222,Dropout
5,8,0,1,7,11.0,0.125,Dropout
6,10,0,4,6,13.25,0.4,Safe
6,7,0,0,7,0.0,0.0,Caution
6,17,0,2,15,12.5,0.11764705882352941,Dropout
10,10,0,7,3,12.142857142857142,0.7,Dropout
5,8,0,3,5,12.0,0.375,Dropout
6,6,0,4,2,11.25,0.6666666666666666,Caution
4,8,1,0,8,0.0,0.0,Dropout
6,7,0,5,2,12.4,0.7142857142857143,Caution
6,6,0,6,0,12.833333333333334,1.0,Safe
5,7,0,1,6,13.0,0.14285714285714285,Caution
7,7,0,5,2,12.0,0.7142857142857143,Dropout
6,13,0,2,11,12.0,0.15384615384615385,Dropout
7,18,0,0,18,0.0,0.0,Dropout
5,0,0,0,0,0.0,0.0,Dropout
6,10,0,6,4,11.375,0.6,Safe
6,15,0,2,13,12.0,0.13333333333333333,Dropout
6,6,0,6,0,11.833333333333334,1.0,Caution
6,17,0,1,16,12.0,0.058823529411764705,Dropout
6,7,0,3,4,12.0,0.42857142857142855,Dropout
6,7,0,6,1,12.714285714285714,0.8571428571428571,Safe
8,8,0,8,0,15.3,1.0,Safe
8,12,2,2,10,11.5,0.16666666666666666,Dropout
5,12,0,1,11,13.0,0.08333333333333333,Caution
6,12,0,0,12,0.0,0.0,Dropout
7,0,0,0,0,0.0,0.0,Dropout
5,8,0,4,4,11.0,0.5,Caution
6,7,0,3,4,12.666666666666666,0.42857142857142855,Dropout
6,6,0,6,0,13.5,1.0,Safe
5,7,0,5,2,12.0,0.7142857142857143,Safe
5,6,0,0,6,0.0,0.0,Dropout
6,8,0,5,3,11.8,0.625,Dropout
6,12,0,2,10,11.5,0.16666666666666666,Dropout
5,11,0,2,9,11.5,0.18181818181818182,Caution
7,7,0,6,1,14.616666666666667,0.8571428571428571,Safe
8,8,0,7,1,14.06,0.875,Caution
6,9,0,4,5,11.0,0.4444444444444444,Dropout
5,0,0,0,0,0.0,0.0,Dropout
14,22,5,7,15,12.192307692307692,0.3181818181818182,Safe
6,6,0,6,0,12.833333333333334,1.0,Safe
5,8,0,5,3,12.875,0.625,Safe
6,6,0,6,0,12.166666666666666,1.0,Safe
6,11,0,6,5,13.428571428571429,0.5454545454545454,Safe
6,6,0,6,0,14.5,1.0,Safe
7,7,0,7,0,12.142857142857142,1.0,Safe
5,6,0,4,2,11.25,0.6666666666666666,Caution
7,7,0,6,1,13.9,0.8571428571428571,Safe
7,12,0,3,9,13.766666666666666,0.25,Dropout
15,17,0,13,4,11.615384615384617,0.7647058823529411,Dropout
6,6,0,6,0,15.166666666666666,1.0,Safe
5,5,0,0,5,0.0,0.0,Dropout
5,10,1,2,8,14.5,0.2,Caution
6,9,0,5,4,10.8,0.5555555555555556,Safe
7,7,0,7,0,13.995714285714287,1.0,Safe
6,8,0,6,2,13.285714285714286,0.75,Safe
12,12,0,12,0,12.75,1.0,Safe
6,15,0,2,13,10.5,0.13333333333333333,Caution
7,7,0,7,0,12.714285714285714,1.0,Safe
8,8,0,8,0,12.88625,1.0,Safe
6,7,0,5,2,13.0,0.7142857142857143,Safe
5,7,0,5,2,12.2,0.7142857142857143,Safe
5,8,0,4,4,12.8,0.5,Caution
11,15,0,11,4,13.785714285714286,0.7333333333333333,Safe
5,5,0,0,5,0.0,0.0,Caution
8,8,0,8,0,14.50125,1.0,Safe
7,7,0,6,1,14.35,0.8571428571428571,Safe
6,6,0,6,0,11.5,1.0,Safe
6,8,0,6,2,11.714285714285714,0.75,Safe
6,9,0,6,3,13.571428571428571,0.6666666666666666,Caution
6,6,0,5,1,13.0,0.8333333333333334,Safe
7,8,0,7,1,13.56875,0.875,Safe
5,5,0,5,0,10.2,1.0,Caution
0,0,0,0,0,0.0,0.0,Safe
6,8,0,5,3,12.2,0.625,Caution
8,8,0,8,0,14.15375,1.0,Safe
8,8,8,0,8,0.0,0.0,Dropout
6,7,0,6,1,13.833333333333334,0.8571428571428571,Safe
6,7,0,6,1,13.428571428571429,0.8571428571428571,Caution
8,8,0,7,1,12.454285714285716,0.875,Safe
5,9,1,1,8,11.0,0.1111111111111111,Caution
7,0,0,0,0,0.0,0.0,Dropout
7,8,0,6,2,13.271666666666668,0.75,Safe
7,8,0,6,2,13.548333333333334,0.75,Caution
6,6,0,6,0,12.166666666666666,1.0,Caution
6,16,0,2,14,11.0,0.125,Dropout
7,7,0,7,0,13.285714285714286,1.0,Safe
6,6,0,6,0,13.333333333333334,1.0,Safe
8,8,0,8,0,13.2575,1.0,Safe
6,7,0,0,7,0.0,0.0,Dropout
6,10,0,6,4,12.666666666666666,0.6,Dropout
5,5,0,5,0,14.6,1.0,Dropout
5,13,5,0,13,0.0,0.0,Dropout
5,7,0,3,4,12.333333333333334,0.42857142857142855,Dropout
5,5,0,5,0,10.8,1.0,Caution
6,7,0,6,1,11.666666666666666,0.8571428571428571,Safe
6,6,0,4,2,12.5,0.6666666666666666,Dropout
5,0,0,0,0,0.0,0.0,Dropout
6,6,0,6,0,15.333333333333334,1.0,Safe
8,8,0,7,1,14.2,0.875,Safe
6,6,0,6,0,14.833333333333334,1.0,Safe
7,7,0,7,0,13.642857142857142,1.0,Dropout
6,6,0,6,0,13.833333333333334,1.0,Dropout
6,6,0,6,0,11.833333333333334,1.0,Safe
6,7,0,6,1,13.428571428571429,0.8571428571428571,Safe
13,16,0,8,8,10.5,0.5,Caution
7,10,0,6,4,11.416666666666666,0.6,Safe
7,16,0,2,14,12.75,0.125,Dropout
7,10,0,6,4,11.15,0.6,Caution
6,8,0,3,5,11.666666666666666,0.375,Caution
6,7,0,6,1,11.5,0.8571428571428571,Safe
6,6,0,6,0,13.833333333333334,1.0,Safe
6,8,1,6,2,11.714285714285714,0.75,Dropout
7,8,0,7,1,11.678571428571429,0.875,Safe
6,7,0,6,1,15.714285714285714,0.8571428571428571,Dropout
0,0,0,0,0,0.0,0.0,Safe
6,6,0,6,0,13.0,1.0,Safe
7,7,0,7,0,14.485714285714286,1.0,Safe
5,9,0,5,4,12.285714285714286,0.5555555555555556,Caution
7,12,0,4,8,13.375,0.3333333333333333,Caution
8,8,0,7,1,11.571428571428571,0.875,Safe
8,8,0,7,1,12.657142857142857,0.875,Safe
5,9,1,2,7,10.0,0.2222222222222222,Dropout
6,7,0,6,1,13.714285714285714,0.8571428571428571,Safe
14,21,0,13,8,13.071428571428571,0.6190476190476191,Safe
6,7,0,6,1,15.333333333333334,0.8571428571428571,Safe
6,9,0,5,4,11.571428571428571,0.5555555555555556,Safe
5,10,0,0,10,0.0,0.0,Dropout
7,7,0,6,1,12.9,0.8571428571428571,Safe
8,12,1,5,7,13.126,0.4166666666666667,Caution
10,20,2,4,16,11.5,0.2,Dropout
6,11,0,3,8,10.333333333333334,0.2727272727272727,Caution
6,6,0,6,0,13.5,1.0,Safe
1,1,1,0,1,0.0,0.0,Dropout
5,5,0,4,1,12.0,0.8,Caution
8,10,0,7,3,11.142857142857142,0.7,Safe
5,11,0,5,6,11.4,0.45454545454545453,Caution
8,8,1,7,1,12.771428571428572,0.875,Caution
8,8,0,7,1,13.79857142857143,0.875,Safe
6,7,0,6,1,13.333333333333334,0.8571428571428571,Safe
6,11,0,0,11,0.0,0.0,Dropout
15,17,0,14,3,11.357142857142858,0.8235294117647058,Dropout
5,11,0,0,11,0.0,0.0,Dropout
6,13,0,6,7,15.692307692307692,0.46153846153846156,Safe
18,19,0,18,1,15.052631578947368,0.9473684210526315,Safe
10,20,0,6,14,11.5,0.3,Dropout
8,15,0,7,8,11.0,0.4666666666666667,Caution
6,6,0,6,0,13.0,1.0,Safe
8,8,0,8,0,12.93875,1.0,Safe
0,0,0,0,0,0.0,0.0,Safe
6,6,0,0,6,0.0,0.0,Dropout
7,10,0,5,5,13.0,0.5,Dropout
7,11,0,5,6,12.18,0.45454545454545453,Dropout
6,13,0,3,10,11.333333333333334,0.23076923076923078,Dropout
8,8,0,7,1,13.0,0.875,Safe
5,5,0,0,5,0.0,0.0,Dropout
5,13,2,2,11,12.5,0.15384615384615385,Dropout
6,9,0,5,4,11.0,0.5555555555555556,Safe
0,0,0,0,0,0.0,0.0,Dropout
5,5,0,0,5,0.0,0.0,Dropout
5,9,0,0,9,0.0,0.0,Dropout
5,6,0,0,6,0.0,0.0,Dropout
5,5,0,5,0,12.4,1.0,Safe
6,8,0,6,2,15.5,0.75,Safe
5,13,0,2,11,11.5,0.15384615384615385,Dropout
5,7,0,4,3,13.333333333333334,0.5714285714285714,Dropout
6,8,0,6,2,12.666666666666666,0.75,Safe
6,6,0,0,6,0.0,0.0,Caution
5,8,0,5,3,12.6,0.625,Dropout
6,6,0,6,0,13.5,1.0,Dropout
6,6,0,6,0,13.0,1.0,Safe
6,15,0,6,9,11.714285714285714,0.4,Safe
6,8,0,6,2,12.166666666666666,0.75,Safe
5,10,1,0,10,0.0,0.0,Dropout
6,12,0,0,12,0.0,0.0,Dropout
5,6,0,5,1,11.5,0.8333333333333334,Safe
5,7,0,4,3,11.25,0.5714285714285714,Caution
7,7,0,7,0,12.285714285714286,1.0,Safe
7,7,0,7,0,12.718571428571428,1.0,Dropout
6,12,0,5,7,12.4,0.4166666666666667,Caution
0,0,0,0,0,0.0,0.0,Dropout
6,16,0,1,15,14.0,0.0625,Dropout
5,10,0,3,7,11.666666666666666,0.3,Dropout
6,15,0,1,14,13.0,0.06666666666666667,Caution
0,0,0,0,0,0.0,0.0,Dropout
5,10,0,0,10,0.0,0.0,Dropout
6,13,0,4,9,11.5,0.3076923076923077,Dropout
10,10,0,7,3,11.714285714285714,0.7,Dropout
5,7,0,5,2,12.6,0.7142857142857143,Safe
17,19,0,13,6,11.642857142857142,0.6842105263157895,Dropout
6,8,0,6,2,14.875,0.75,Safe
5,11,0,2,9,10.0,0.18181818181818182,Caution
5,5,0,5,0,14.2,1.0,Caution
6,8,0,6,2,12.714285714285714,0.75,Safe
12,16,0,5,11,11.6,0.3125,Dropout
7,14,0,5,9,11.94,0.35714285714285715,Dropout
5,10,0,4,6,11.6,0.4,Dropout
7,9,0,5,4,12.7,0.5555555555555556,Caution
6,6,0,6,0,13.333333333333334,1.0,Safe
9,13,0,8,5,13.333333333333334,0.6153846153846154,Caution
5,5,0,5,0,13.4,1.0,Safe
6,12,0,0,12,0.0,0.0,Dropout
5,5,0,2,3,11.0,0.4,Dropout
15,17,0,13,4,12.0,0.7647058823529411,Dropout
5,0,0,0,0,0.0,0.0,Dropout
5,5,0,0,5,0.0,0.0,Dropout
6,12,0,4,8,12.5,0.3333333333333333,Dropout
6,7,0,6,1,13.666666666666666,0.8571428571428571,Safe
5,10,0,1,9,10.0,0.1,Dropout
6,6,0,6,0,11.5,1.0,Dropout
5,7,0,4,3,12.25,0.5714285714285714,Caution
6,11,0,5,6,13.6,0.45454545454545453,Caution
5,11,0,2,9,10.5,0.18181818181818182,Caution
7,7,0,6,1,13.266666666666666,0.8571428571428571,Safe
7,8,0,7,1,12.5125,0.875,Safe
5,9,0,0,9,0.0,0.0,Dropout
6,14,0,0,14,0.0,0.0,Dropout
7,7,0,6,1,13.483333333333334,0.8571428571428571,Safe
7,9,0,6,3,12.565,0.6666666666666666,Caution
6,8,0,0,8,0.0,0.0,Dropout
5,9,0,3,6,13.0,0.3333333333333333,Dropout
5,6,0,5,1,16.5,0.8333333333333334,Dropout
6,7,0,6,1,13.166666666666666,0.8571428571428571,Caution
6,11,0,6,5,13.8,0.5454545454545454,Safe
6,7,0,6,1,11.166666666666666,0.8571428571428571,Caution
6,0,0,0,0,0.0,0.0,Dropout
6,7,0,6,1,12.666666666666666,0.8571428571428571,Caution
5,5,0,5,0,12.6,1.0,Safe
7,7,0,5,2,13.06,0.7142857142857143,Caution
6,7,0,6,1,13.833333333333334,0.8571428571428571,Safe
5,5,0,0,5,0.0,0.0,Dropout
6,6,0,2,4,16.0,0.3333333333333333,Dropout
5,5,0,0,5,0.0,0.0,Dropout
5,12,0,3,9,10.666666666666666,0.25,Dropout
18,18,0,18,0,14.5,1.0,Safe
5,6,0,5,1,14.0,0.8333333333333334,Safe
5,10,0,3,7,13.333333333333334,0.3,Safe
6,0,0,0,0,0.0,0.0,Dropout
6,9,0,5,4,12.0,0.5555555555555556,Safe
5,6,0,5,1,16.2,0.8333333333333334,Safe
13,13,0,7,6,10.285714285714286,0.5384615384615384,Dropout
5,5,0,0,5,0.0,0.0,Caution
6,7,0,6,1,13.571428571428571,0.8571428571428571,Safe
6,7,0,6,1,14.285714285714286,0.8571428571428571,Safe
5,7,0,5,2,10.2,0.7142857142857143,Safe
8,16,1,2,14,10.25,0.125,Dropout
6,0,0,0,0,0.0,0.0,Dropout
6,7,0,6,1,14.833333333333334,0.8571428571428571,Safe
6,12,0,5,7,13.625,0.4166666666666667,Safe
7,7,0,7,0,12.271428571428572,1.0,Safe
5,0,0,0,0,0.0,0.0,Dropout
5,8,0,4,4,12.5,0.5,Caution
9,10,0,9,1,13.22222222222222,0.9,Safe
7,13,0,2,11,15.0,0.15384615384615385,Dropout
0,0,0,0,0,0.0,0.0,Dropout
12,12,0,12,0,13.166666666666666,1.0,Safe
6,8,0,5,3,13.833333333333334,0.625,Safe
5,0,0,0,0,0.0,0.0,Dropout
5,6,0,0,6,0.0,0.0,Caution
8,8,0,7,1,13.154285714285717,0.875,Caution
12,12,0,9,3,12.333333333333334,0.75,Dropout
6,6,0,6,0,13.0,1.0,Dropout
5,14,2,2,12,11.5,0.14285714285714285,Caution
6,15,0,3,12,13.25,0.2,Dropout
6,12,0,3,9,13.333333333333334,0.25,Caution
6,6,0,6,0,13.5,1.0,Safe
6,7,0,6,1,12.666666666666666,0.8571428571428571,Safe
11,18,1,11,7,15.090909090909092,0.6111111111111112,Dropout
0,0,0,0,0,0.0,0.0,Dropout
6,7,0,6,1,13.166666666666666,0.8571428571428571,Safe
6,6,0,6,0,12.833333333333334,1.0,Safe
5,7,0,5,2,11.8,0.7142857142857143,Caution
6,6,0,6,0,11.833333333333334,1.0,Safe
6,6,0,5,1,12.8,0.8333333333333334,Safe
7,7,0,5,2,11.8,0.7142857142857143,Dropout
0,0,0,0,0,0.0,0.0,Caution
5,7,0,5,2,15.8,0.7142857142857143,Dropout
0,0,0,0,0,0.0,0.0,Caution
5,9,0,2,7,12.5,0.2222222222222222,Caution
6,9,0,6,3,14.666666666666666,0.6666666666666666,Safe
6,10,0,4,6,12.5,0.4,Dropout
5,7,0,3,4,12.0,0.42857142857142855,Dropout
8,8,0,7,1,13.142857142857142,0.875,Caution
6,6,0,3,3,12.666666666666666,0.5,Dropout
5,6,0,5,1,15.0,0.8333333333333334,Caution
6,7,0,5,2,13.6,0.7142857142857143,Dropout
6,6,0,6,0,12.5,1.0,Safe
6,7,0,6,1,13.333333333333334,0.8571428571428571,Safe
6,13,0,4,9,12.25,0.3076923076923077,Dropout
7,7,0,7,0,15.101428571428572,1.0,Safe
6,6,0,6,0,13.166666666666666,1.0,Safe
6,8,0,4,4,11.0,0.5,Dropout
5,9,0,3,6,11.666666666666666,0.3333333333333333,Safe
6,13,0,1,12,10.0,0.07692307692307693,Caution
7,15,0,7,8,11.571428571428571,0.4666666666666667,Dropout
6,6,0,6,0,12.166666666666666,1.0,Caution
0,0,0,0,0,0.0,0.0,Dropout
6,6,0,6,0,13.833333333333334,1.0,Safe
7,10,0,6,4,12.357142857142858,0.6,Safe
6,7,0,6,1,12.166666666666666,0.8571428571428571,Dropout
6,8,0,3,5,12.0,0.375,Caution
10,14,0,9,5,12.416666666666666,0.6428571428571429,Safe
5,7,0,4,3,12.75,0.5714285714285714,Safe
21,33,12,18,15,14.933333333333334,0.5454545454545454,Safe
6,6,0,6,0,13.0,1.0,Safe
7,7,0,7,0,12.857142857142858,1.0,Caution
7,10,0,7,3,14.455000000000002,0.7,Safe
6,8,0,6,2,14.0,0.75,Safe
6,6,0,6,0,13.5,1.0,Safe
6,0,0,0,0,0.0,0.0,Dropout
6,6,0,6,0,11.666666666666666,1.0,Safe
5,6,0,4,2,12.0,0.6666666666666666,Safe
6,7,0,6,1,11.714285714285714,0.8571428571428571,Safe
6,8,0,6,2,12.666666666666666,0.75,Safe
6,11,0,3,8,11.75,0.2727272727272727,Caution
6,0,0,0,0,0.0,0.0,Dropout
8,8,0,7,1,12.328571428571427,0.875,Safe
7,14,0,6,8,11.666666666666666,0.42857142857142855,Dropout
12,12,0,12,0,13.25,1.0,Safe
6,8,0,5,3,11.833333333333334,0.625,Caution
7,7,0,7,0,13.3,1.0,Safe
6,13,0,6,7,12.555555555555555,0.46153846153846156,Caution
6,6,0,6,0,12.833333333333334,1.0,Safe
6,6,0,6,0,12.833333333333334,1.0,Safe
5,10,1,3,7,12.666666666666666,0.3,Safe
7,8,0,6,2,13.271428571428572,0.75,Safe
5,5,0,5,0,12.4,1.0,Safe
5,10,1,2,8,14.5,0.2,Caution
6,7,0,0,7,0.0,0.0,Dropout
6,7,0,6,1,14.285714285714286,0.8571428571428571,Safe
5,7,0,3,4,12.333333333333334,0.42857142857142855,Safe
7,10,0,6,4,12.583333333333334,0.6,Safe
7,8,0,6,2,13.731666666666667,0.75,Dropout
6,8,0,6,2,12.875,0.75,Caution
10,14,0,8,6,14.625,0.5714285714285714,Dropout
3,3,0,0,3,0.0,0.0,Dropout
6,8,0,6,2,12.666666666666666,0.75,Safe
8,11,0,6,5,12.491666666666667,0.5454545454545454,Safe
12,12,0,12,0,13.666666666666666,1.0,Safe
6,13,0,6,7,16.0,0.46153846153846156,Safe
6,8,0,6,2,14.142857142857142,0.75,Safe
6,9,0,6,3,11.833333333333334,0.6666666666666666,Safe
6,6,0,6,0,12.666666666666666,1.0,Safe
6,6,0,6,0,12.5,1.0,Safe
11,16,0,9,7,10.88888888888889,0.5625,Safe
6,11,0,1,10,13.0,0.09090909090909091,Dropout
6,6,0,6,0,15.166666666666666,1.0,Safe
6,8,0,6,2,12.666666666666666,0.75,Safe
0,0,0,0,0,0.0,0.0,Dropout
5,9,0,5,4,12.0,0.5555555555555556,Caution
5,5,0,0,5,0.0,0.0,Dropout
0,0,0,0,0,0.0,0.0,Safe
5,8,0,2,6,11.0,0.25,Dropout
6,7,0,6,1,15.714285714285714,0.8571428571428571,Dropout
15,15,0,11,4,10.818181818181818,0.7333333333333333,Dropout
5,16,0,1,15,12.0,0.0625,Dropout
6,8,0,5,3,12.6,0.625,Safe
5,12,2,1,11,13.0,0.08333333333333333,Caution
5,8,1,5,3,11.6,0.625,Safe
5,11,0,1,10,10.0,0.09090909090909091,Dropout
6,7,0,1,6,14.0,0.14285714285714285,Dropout
5,9,0,5,4,12.6,0.5555555555555556,Dropout
0,0,0,0,0,0.0,0.0,Dropout
5,11,0,2,9,11.333333333333334,0.18181818181818182,Dropout
6,6,0,6,0,12.666666666666666,1.0,Safe
6,7,0,5,2,10.8,0.7142857142857143,Caution
7,14,0,5,9,12.87857142857143,0.35714285714285715,Safe
5,5,0,0,5,0.0,0.0,Dropout
6,6,0,6,0,12.833333333333334,1.0,Caution
5,5,0,5,0,12.6,1.0,Caution
5,0,0,0,0,0.0,0.0,Dropout
5,11,0,0,11,0.0,0.0,Dropout
6,6,0,6,0,14.166666666666666,1.0,Safe
5,7,0,5,2,13.4,0.7142857142857143,Dropout
5,8,0,5,3,11.2,0.625,Safe
0,0,0,0,0,0.0,0.0,Safe
6,6,0,6,0,12.666666666666666,1.0,Dropout
5,7,0,3,4,12.333333333333334,0.42857142857142855,Dropout
5,7,0,4,3,12.25,0.5714285714285714,Safe
0,0,0,0,0,0.0,0.0,Dropout
5,13,0,3,10,10.75,0.23076923076923078,Dropout
7,7,0,0,7,0.0,0.0,Dropout
6,13,0,0,13,0.0,0.0,Dropout
5,9,0,2,7,14.333333333333334,0.2222222222222222,Caution
5,8,0,2,6,11.5,0.25,Dropout
0,0,0,0,0,0.0,0.0,Safe
5,11,0,2,9,10.5,0.18181818181818182,Dropout
6,6,0,6,0,13.5,1.0,Dropout
6,17,0,1,16,11.0,0.058823529411764705,Caution
6,6,0,1,5,10.0,0.16666666666666666,Dropout
6,17,2,0,17,0.0,0.0,Dropout
5,10,0,1,9,12.0,0.1,Dropout
5,6,0,4,2,12.25,0.6666666666666666,Dropout
10,21,1,5,16,11.4,0.23809523809523808,Dropout
5,5,0,0,5,0.0,0.0,Dropout
6,8,0,4,4,14.25,0.5,Safe
12,12,0,11,1,14.454545454545457,0.9166666666666666,Safe
12,13,0,12,1,14.538461538461538,0.9230769230769231,Safe
7,10,0,6,4,12.733333333333334,0.6,Safe
12,13,0,5,8,13.2,0.38461538461538464,Dropout
0,0,0,0,0,0.0,0.0,Safe
6,7,0,6,1,12.333333333333334,0.8571428571428571,Dropout
9,9,0,5,4,11.2,0.5555555555555556,Dropout
7,7,0,6,1,13.2,0.8571428571428571,Safe
5,8,0,5,3,11.833333333333334,0.625,Caution
6,10,0,5,5,11.333333333333334,0.5,Caution
5,5,0,5,0,13.6,1.0,Safe
5,10,0,0,10,0.0,0.0,Dropout
6,11,0,5,6,12.857142857142858,0.45454545454545453,Dropout
5,16,0,3,13,14.333333333333334,0.1875,Caution
6,9,0,5,4,13.5,0.5555555555555556,Safe
6,8,0,6,2,14.428571428571429,0.75,Caution
6,12,0,0,12,0.0,0.0,Dropout
0,0,0,0,0,0.0,0.0,Safe
8,8,0,8,0,12.82875,1.0,Safe
5,6,5,0,6,0.0,0.0,Safe
7,0,0,0,0,0.0,0.0,Dropout
6,6,0,6,0,14.666666666666666,1.0,Safe
8,8,0,7,1,13.937142857142858,0.875,Safe
12,12,0,10,2,14.7,0.8333333333333334,Safe
6,6,0,6,0,11.666666666666666,1.0,Safe
7,7,0,6,1,14.85,0.8571428571428571,Safe
5,11,1,1,10,12.0,0.09090909090909091,Dropout
7,8,0,7,1,13.6875,0.875,Dropout
6,14,0,5,9,12.4,0.35714285714285715,Safe
7,10,0,7,3,13.398,0.7,Safe
6,13,0,5,8,11.8,0.38461538461538464,Caution
5,0,0,0,0,0.0,0.0,Dropout
15,19,0,13,6,11.76923076923077,0.6842105263157895,Safe
6,8,0,0,8,0.0,0.0,Dropout
6,8,0,6,2,13.285714285714286,0.75,Safe
6,6,0,6,0,11.666666666666666,1.0,Safe
6,13,0,6,7,11.5,0.46153846153846156,Safe
7,9,0,6,3,13.081666666666669,0.6666666666666666,Safe
6,6,0,6,0,12.666666666666666,1.0,Safe
6,6,0,3,3,11.333333333333334,0.5,Dropout
6,8,0,5,3,13.6,0.625,Caution
6,6,0,6,0,13.166666666666666,1.0,Dropout
6,0,0,0,0,0.0,0.0,Dropout
6,10,0,5,5,11.666666666666666,0.5,Safe
6,6,0,6,0,13.5,1.0,Safe
6,7,0,0,7,0.0,0.0,Dropout
6,6,0,6,0,13.166666666666666,1.0,Safe
5,11,2,4,7,12.5,0.36363636363636365,Dropout
6,10,0,6,4,13.375,0.6,Safe
6,6,0,6,0,13.166666666666666,1.0,Safe
6,12,0,4,8,13.4,0.3333333333333333,Caution
7,10,0,3,7,13.0,0.3,Caution
8,8,0,7,1,13.154285714285717,0.875,Safe
6,6,0,6,0,12.833333333333334,1.0,Safe
7,10,0,7,3,12.142857142857142,0.7,Safe
7,9,0,5,4,13.34,0.5555555555555556,Caution
10,15,0,4,11,13.0,0.26666666666666666,Dropout
6,18,0,3,15,12.0,0.16666666666666666,Caution
0,0,0,0,0,0.0,0.0,Dropout
6,9,0,5,4,11.0,0.5555555555555556,Dropout
6,8,0,5,3,11.5,0.625,Caution
9,9,0,3,6,13.333333333333334,0.3333333333333333,Dropout
7,9,0,7,2,14.594444444444443,0.7777777777777778,Safe
6,9,0,4,5,11.0,0.4444444444444444,Dropout
5,8,0,0,8,0.0,0.0,Dropout
6,6,0,0,6,0.0,0.0,Dropout
5,9,0,1,8,12.0,0.1111111111111111,Dropout
5,8,0,5,3,14.0,0.625,Safe
6,8,0,6,2,13.571428571428571,0.75,Safe
6,12,0,0,12,0.0,0.0,Dropout
6,8,0,6,2,14.25,0.75,Safe
6,7,0,0,7,0.0,0.0,Dropout
6,12,0,0,12,0.0,0.0,Dropout
8,8,0,7,1,13.542857142857144,0.875,Safe
9,9,0,9,0,13.11111111111111,1.0,Safe
9,11,0,9,2,12.666666666666666,0.8181818181818182,Safe
5,10,1,4,6,10.75,0.4,Dropout
10,14,0,4,10,10.75,0.2857142857142857,Dropout
6,6,0,6,0,13.666666666666666,1.0,Safe
6,6,0,6,0,13.833333333333334,1.0,Safe
18,18,0,17,1,13.176470588235292,0.9444444444444444,Dropout
6,8,0,4,4,12.75,0.5,Dropout
7,8,0,5,3,12.86,0.625,Caution
8,12,2,4,8,12.0,0.3333333333333333,Dropout
11,11,0,9,2,11.666666666666666,0.8181818181818182,Safe
14,14,0,14,0,16.5,1.0,Safe
10,14,0,9,5,12.333333333333334,0.6428571428571429,Safe
7,8,0,7,1,12.59125,0.875,Caution
6,9,0,4,5,11.5,0.4444444444444444,Dropout
18,19,0,18,1,11.894736842105264,0.9473684210526315,Safe
6,0,0,0,0,0.0,0.0,Dropout
6,0,0,0,0,0.0,0.0,Dropout
6,13,0,5,8,13.0,0.38461538461538464,Caution
6,9,0,0,9,0.0,0.0,Dropout
6,6,0,6,0,15.166666666666666,1.0,Safe
6,8,0,4,4,11.75,0.5,Dropout
5,5,0,0,5,0.0,0.0,Caution
0,0,0,0,0,0.0,0.0,Dropout
6,11,0,3,8,11.333333333333334,0.2727272727272727,Dropout
6,10,0,5,5,12.6,0.5,Safe
5,10,0,0,10,0.0,0.0,Dropout
6,8,0,6,2,15.5,0.75,Dropout
8,8,0,7,1,12.365714285714288,0.875,Safe
6,7,0,5,2,13.2,0.7142857142857143,Caution
12,12,0,7,5,11.428571428571429,0.5833333333333334,Caution
6,0,0,0,0,0.0,0.0,Dropout
6,10,0,4,6,14.0,0.4,Safe
12,12,0,3,9,12.0,0.25,Dropout
4,4,4,0,4,0.0,0.0,Dropout
5,13,0,4,9,10.0,0.3076923076923077,Dropout
5,9,0,1,8,10.0,0.1111111111111111,Dropout
0,0,0,0,0,0.0,0.0,Dropout
6,7,0,6,1,11.166666666666666,0.8571428571428571,Caution
6,12,0,4,8,11.75,0.3333333333333333,Caution
6,13,0,3,10,11.75,0.23076923076923078,Dropout
5,8,0,1,7,10.0,0.125,Dropout
5,8,0,3,5,14.0,0.375,Safe
5,5,0,0,5,0.0,0.0,Dropout
6,12,0,3,9,12.0,0.25,Dropout
6,10,0,0,10,0.0,0.0,Dropout
10,19,0,8,11,11.88888888888889,0.42105263157894735,Dropout
6,6,0,6,0,13.833333333333334,1.0,Safe
5,5,0,0,5,0.0,0.0,Dropout
6,8,0,5,3,11.4,0.625,Dropout
6,8,0,0,8,0.0,0.0,Dropout
17,17,1,14,3,10.642857142857142,0.8235294117647058,Dropout
6,10,0,2,8,11.0,0.2,Dropout
6,6,0,6,0,16.833333333333332,1.0,Safe
6,8,0,6,2,13.571428571428571,0.75,Safe
5,11,0,5,6,14.714285714285714,0.45454545454545453,Safe
5,8,0,0,8,0.0,0.0,Dropout
5,14,0,1,13,10.0,0.07142857142857142,Dropout
6,15,0,1,14,11.0,0.06666666666666667,Dropout
6,6,0,1,5,11.0,0.16666666666666666,Dropout
6,6,0,5,1,12.0,0.8333333333333334,Safe
6,10,0,6,4,11.125,0.6,Safe
6,13,0,3,10,11.333333333333334,0.23076923076923078,Dropout
6,15,0,2,13,12.0,0.13333333333333333,Dropout
7,8,1,0,8,0.0,0.0,Dropout
8,8,0,7,1,14.54,0.875,Safe
6,9,0,6,3,12.166666666666666,0.6666666666666666,Safe
5,13,1,4,9,13.5,0.3076923076923077,Dropout
6,8,0,6,2,14.75,0.75,Safe
5,8,0,5,3,12.375,0.625,Safe
7,7,0,6,1,12.733333333333334,0.8571428571428571,Safe
6,9,0,4,5,12.5,0.4444444444444444,Dropout
5,5,1,0,5,0.0,0.0,Dropout
7,7,6,0,7,0.0,0.0,Dropout
7,7,0,7,0,13.44285714285714,1.0,Dropout
8,8,0,8,0,14.2,1.0,Safe
7,7,0,6,1,13.55,0.8571428571428571,Safe
5,5,0,5,0,11.6,1.0,Safe
6,7,0,6,1,13.571428571428571,0.8571428571428571,Safe
6,6,0,6,0,13.833333333333334,1.0,Safe
6,7,0,4,3,11.25,0.5714285714285714,Dropout
6,7,0,5,2,10.2,0.7142857142857143,Safe
8,8,0,7,1,15.675714285714283,0.875,Safe
6,9,0,6,3,10.833333333333334,0.6666666666666666,Safe
6,6,0,6,0,14.5,1.0,Caution
6,12,0,4,8,10.4,0.3333333333333333,Caution
5,7,1,5,2,13.0,0.7142857142857143,Safe
7,7,0,7,0,12.242857142857144,1.0,Safe
7,7,0,7,0,13.0,1.0,Caution
6,6,0,6,0,14.166666666666666,1.0,Caution
5,11,0,4,7,14.25,0.36363636363636365,Safe
5,14,2,1,13,12.0,0.07142857142857142,Dropout
7,11,0,4,7,13.25,0.36363636363636365,Caution
7,7,0,6,1,13.183333333333332,0.8571428571428571,Safe
6,6,0,1,5,11.0,0.16666666666666666,Caution
7,8,0,7,1,11.9725,0.875,Safe
6,7,0,5,2,12.4,0.7142857142857143,Safe
8,9,2,5,4,12.6,0.5555555555555556,Caution
7,7,0,6,1,13.9,0.8571428571428571,Safe
6,11,0,4,7,11.5,0.36363636363636365,Caution
5,6,0,4,2,14.2,0.6666666666666666,Caution
5,12,2,3,9,10.666666666666666,0.25,Dropout
7,14,0,0,14,0.0,0.0,Dropout
6,10,0,6,4,11.0,0.6,Safe
8,8,0,7,1,13.957142857142856,0.875,Safe
6,11,1,4,7,12.5,0.36363636363636365,Caution
6,8,0,6,2,13.333333333333334,0.75,Safe
5,5,0,0,5,0.0,0.0,Dropout
6,9,0,6,3,11.666666666666666,0.6666666666666666,Caution
6,7,0,6,1,15.714285714285714,0.8571428571428571,Safe
6,8,0,5,3,11.0,0.625,Safe
5,8,0,4,4,12.25,0.5,Safe
10,25,0,5,20,12.2,0.2,Dropout
5,6,0,5,1,13.0,0.8333333333333334,Safe
6,11,0,4,7,12.0,0.36363636363636365,Safe
6,6,0,6,0,13.333333333333334,1.0,Safe
5,6,0,3,3,13.0,0.5,Caution
8,8,0,7,1,12.91,0.875,Safe
6,8,0,6,2,11.0,0.75,Safe
7,8,0,6,2,13.579999999999998,0.75,Safe
6,10,0,4,6,12.4,0.4,Safe
9,13,0,8,5,12.88888888888889,0.6153846153846154,Safe
12,12,0,11,1,11.545454545454543,0.9166666666666666,Caution
5,6,0,1,5,10.0,0.16666666666666666,Caution
8,8,0,8,0,14.34125,1.0,Safe
6,8,0,6,2,14.142857142857142,0.75,Dropout
0,0,0,0,0,0.0,0.0,Safe
6,10,0,5,5,11.8,0.5,Caution
6,6,0,6,0,13.333333333333334,1.0,Safe
6,8,0,6,2,14.5,0.75,Safe
10,13,0,8,5,12.666666666666666,0.6153846153846154,Safe
5,13,0,1,12,10.0,0.07692307692307693,Caution
6,10,0,0,10,0.0,0.0,Dropout
6,12,0,4,8,11.0,0.3333333333333333,Caution
5,10,2,2,8,12.0,0.2,Dropout
6,10,0,4,6,10.0,0.4,Caution
7,7,0,7,0,14.20857142857143,1.0,Safe
7,7,0,7,0,14.30714285714286,1.0,Safe
5,8,0,3,5,11.0,0.375,Caution
7,14,0,0,14,0.0,0.0,Dropout
6,10,0,6,4,12.0,0.6,Safe
5,0,0,0,0,0.0,0.0,Dropout
6,6,0,0,6,0.0,0.0,Dropout
6,7,0,6,1,13.857142857142858,0.8571428571428571,Safe
0,0,0,0,0,0.0,0.0,Safe
7,0,0,0,0,0.0,0.0,Dropout
6,8,0,5,3,11.0,0.625,Safe
5,9,0,5,4,13.2,0.5555555555555556,Safe
6,7,0,6,1,13.5,0.8571428571428571,Dropout
5,5,0,0,5,0.0,0.0,Dropout
8,8,0,7,1,14.214285714285714,0.875,Safe
5,5,0,5,0,13.0,1.0,Safe
6,13,0,2,11,12.0,0.15384615384615385,Dropout
7,0,0,0,0,0.0,0.0,Dropout
5,6,1,5,1,12.8,0.8333333333333334,Safe
5,11,2,4,7,13.6,0.36363636363636365,Safe
7,7,0,7,0,13.971428571428572,1.0,Safe
6,8,0,6,2,15.0,0.75,Safe
6,0,0,0,0,0.0,0.0,Dropout
26,27,0,26,1,15.07777777777778,0.9629629629629629,Safe
7,7,0,6,1,13.383333333333333,0.8571428571428571,Safe
12,12,0,12,0,13.25,1.0,Safe
6,10,0,5,5,11.714285714285714,0.5,Dropout
8,8,0,8,0,13.01125,1.0,Safe
6,12,2,3,9,10.666666666666666,0.25,Dropout
7,14,0,0,14,0.0,0.0,Caution
6,9,0,6,3,13.0,0.6666666666666666,Safe
5,5,0,5,0,12.0,1.0,Safe
6,6,0,6,0,12.166666666666666,1.0,Safe
7,10,0,6,4,11.85,0.6,Safe
5,8,0,4,4,11.0,0.5,Safe
7,9,0,7,2,12.327777777777778,0.7777777777777778,Safe
5,9,0,4,5,12.0,0.4444444444444444,Safe
7,7,0,7,0,14.428571428571429,1.0,Safe
7,7,0,7,0,13.78,1.0,Safe
7,7,0,6,1,13.8,0.8571428571428571,Safe
7,7,0,7,0,14.857142857142858,1.0,Safe
6,8,0,5,3,13.0,0.625,Caution
6,7,0,6,1,12.142857142857142,0.8571428571428571,Safe
6,7,0,6,1,15.666666666666666,0.8571428571428571,Safe
7,13,0,5,8,12.5,0.38461538461538464,Safe
6,7,0,6,1,12.833333333333334,0.8571428571428571,Safe
6,6,0,0,6,0.0,0.0,Dropout
6,6,0,6,0,12.5,1.0,Safe
6,14,0,4,10,11.25,0.2857142857142857,Safe
7,7,0,6,1,15.25,0.8571428571428571,Safe
5,13,2,5,8,14.0,0.38461538461538464,Safe
16,16,0,13,3,12.076923076923077,0.8125,Safe
16,17,0,16,1,14.625,0.9411764705882353,Safe
7,10,0,4,6,10.5,0.4,Dropout
6,8,0,6,2,12.833333333333334,0.75,Safe
6,6,0,6,0,12.5,1.0,Safe
12,13,0,12,1,11.23076923076923,0.9230769230769231,Safe
5,5,0,2,3,10.5,0.4,Dropout
6,11,0,3,8,12.0,0.2727272727272727,Dropout
7,10,0,7,3,10.985714285714286,0.7,Safe
7,10,0,5,5,12.62,0.5,Dropout
7,9,0,6,3,13.0,0.6666666666666666,Dropout
5,5,0,0,5,0.0,0.0,Dropout
5,0,0,0,0,0.0,0.0,Dropout
6,6,0,6,0,13.5,1.0,Safe
7,7,0,6,1,13.516666666666666,0.8571428571428571,Safe
6,6,0,6,0,13.166666666666666,1.0,Safe
6,0,0,0,0,0.0,0.0,Dropout
6,8,0,6,2,13.125,0.75,Safe
6,15,0,3,12,14.4,0.2,Dropout
6,10,0,4,6,12.0,0.4,Dropout
5,5,0,0,5,0.0,0.0,Dropout
7,7,0,0,7,0.0,0.0,Dropout
5,15,0,3,12,10.8,0.2,Caution
6,0,0,0,0,0.0,0.0,Dropout
7,7,0,7,0,16.13142857142857,1.0,Safe
7,7,0,7,0,14.838571428571427,1.0,Safe
5,7,0,3,4,10.333333333333334,0.42857142857142855,Dropout
6,11,0,3,8,12.0,0.2727272727272727,Dropout
6,6,0,0,6,0.0,0.0,Dropout
6,6,0,6,0,13.166666666666666,1.0,Safe
8,8,0,8,0,13.9475,1.0,Safe
5,6,0,3,3,11.333333333333334,0.5,Dropout
8,11,0,7,4,12.75,0.6363636363636364,Safe
5,6,0,5,1,12.6,0.8333333333333334,Safe
8,8,1,6,2,12.25,0.75,Dropout
7,14,6,0,14,0.0,0.0,Caution
5,8,0,5,3,11.0,0.625,Caution
12,17,0,12,5,11.833333333333334,0.7058823529411765,Safe
8,10,0,6,4,13.066666666666668,0.6,Dropout
6,6,0,6,0,13.833333333333334,1.0,Safe
7,7,1,3,4,13.833333333333334,0.42857142857142855,Dropout
5,5,0,5,0,11.8,1.0,Safe
12,12,0,12,0,13.333333333333334,1.0,Caution
8,8,0,8,0,13.74625,1.0,Safe
0,0,0,0,0,0.0,0.0,Dropout
6,0,0,0,0,0.0,0.0,Dropout
6,9,0,0,9,0.0,0.0,Dropout
6,6,0,6,0,13.333333333333334,1.0,Safe
6,8,0,1,7,10.0,0.125,Caution
6,7,0,6,1,15.666666666666666,0.8571428571428571,Safe
7,9,0,7,2,11.857142857142858,0.7777777777777778,Safe
5,12,2,5,7,14.5,0.4166666666666667,Safe
6,6,0,6,0,12.166666666666666,1.0,Safe
6,6,0,5,1,12.6,0.8333333333333334,Safe
8,12,0,7,5,12.285714285714286,0.5833333333333334,Caution
6,6,0,6,0,12.666666666666666,1.0,Safe
7,0,0,0,0,0.0,0.0,Dropout
6,7,0,6,1,12.857142857142858,0.8571428571428571,Safe
8,8,0,7,1,13.9,0.875,Safe
8,8,0,7,1,13.817142857142857,0.875,Safe
7,10,0,6,4,13.314285714285717,0.6,Safe
6,0,0,0,0,0.0,0.0,Dropout
6,6,0,6,0,12.166666666666666,1.0,Safe
6,12,0,4,8,11.25,0.3333333333333333,Dropout
6,6,0,5,1,12.4,0.8333333333333334,Caution
6,6,0,6,0,14.666666666666666,1.0,Safe
6,15,0,4,11,12.0,0.26666666666666666,Dropout
6,8,0,6,2,14.0,0.75,Safe
6,10,0,6,4,12.571428571428571,0.6,Caution
6,14,0,6,8,15.538461538461538,0.42857142857142855,Safe
6,0,0,0,0,0.0,0.0,Dropout
6,6,0,6,0,15.0,1.0,Safe
5,11,0,4,7,12.25,0.36363636363636365,Safe
11,13,0,11,2,15.692307692307692,0.8461538461538461,Safe
5,7,0,5,2,12.285714285714286,0.7142857142857143,Safe
17,19,0,12,7,11.833333333333334,0.631578947368421,Caution
6,6,0,6,0,12.166666666666666,1.0,Caution
7,10,0,7,3,11.88888888888889,0.7,Safe
6,0,0,0,0,0.0,0.0,Dropout
5,6,0,5,1,11.8,0.8333333333333334,Safe
6,7,0,6,1,11.166666666666666,0.8571428571428571,Safe
7,7,0,7,0,14.05714285714286,1.0,Safe
6,10,0,4,6,11.75,0.4,Dropout
6,6,0,6,0,13.166666666666666,1.0,Caution
6,7,0,6,1,13.5,0.8571428571428571,Safe
7,10,0,7,3,12.625,0.7,Safe
6,0,0,0,0,0.0,0.0,Dropout
8,8,0,7,1,13.971428571428572,0.875,Safe
6,7,0,2,5,11.0,0.2857142857142857,Dropout
5,5,0,5,0,12.8,1.0,Safe
6,8,0,6,2,13.571428571428571,0.75,Caution
0,0,0,0,0,0.0,0.0,Dropout
5,9,0,2,7,11.5,0.2222222222222222,Caution
6,8,0,4,4,11.25,0.5,Caution
5,7,0,5,2,13.714285714285714,0.7142857142857143,Safe
4,4,0,0,4,0.0,0.0,Dropout
6,9,0,6,3,12.0,0.6666666666666666,Dropout
6,7,0,6,1,12.666666666666666,0.8571428571428571,Safe
8,11,3,7,4,13.29,0.6363636363636364,Caution
10,15,0,8,7,10.375,0.5333333333333333,Caution
7,13,0,3,10,12.0,0.23076923076923078,Dropout
6,10,0,5,5,11.4,0.5,Safe
5,15,0,2,13,13.25,0.13333333333333333,Dropout
7,7,0,6,1,13.861666666666666,0.8571428571428571,Dropout
6,6,0,6,0,12.166666666666666,1.0,Safe
6,17,0,4,13,13.75,0.23529411764705882,Safe
7,7,0,6,1,15.433333333333332,0.8571428571428571,Safe
6,6,0,6,0,13.833333333333334,1.0,Safe
14,21,0,12,9,11.833333333333334,0.5714285714285714,Safe
7,7,0,0,7,0.0,0.0,Dropout
1,1,1,0,1,0.0,0.0,Dropout
7,9,0,7,2,12.333333333333334,0.7777777777777778,Caution
6,6,0,6,0,11.166666666666666,1.0,Safe
6,6,0,6,0,14.666666666666666,1.0,Safe
5,5,0,5,0,11.2,1.0,Caution
6,9,0,6,3,13.714285714285714,0.6666666666666666,Safe
5,5,0,5,0,12.8,1.0,Safe
6,9,0,4,5,13.25,0.4444444444444444,Safe
8,10,1,6,4,13.78,0.6,Dropout
8,8,0,7,1,15.11,0.875,Safe
6,10,0,4,6,11.0,0.4,Safe
8,8,0,7,1,15.798571428571426,0.875,Safe
7,7,0,7,0,13.775714285714288,1.0,Safe
8,11,0,7,4,12.16,0.6363636363636364,Safe
7,0,0,0,0,0.0,0.0,Dropout
6,6,0,6,0,14.333333333333334,1.0,Safe
6,6,0,6,0,11.833333333333334,1.0,Caution
6,7,0,6,1,14.833333333333334,0.8571428571428571,Caution
8,8,0,7,1,14.2,0.875,Safe
5,6,0,5,1,12.2,0.8333333333333334,Safe
6,10,0,4,6,13.0,0.4,Safe
8,8,0,7,1,12.485714285714286,0.875,Safe
6,7,0,6,1,17.0,0.8571428571428571,Safe
6,7,0,5,2,10.8,0.7142857142857143,Safe
7,7,0,6,1,14.716666666666669,0.8571428571428571,Safe
5,10,0,2,8,13.5,0.2,Caution
8,8,0,7,1,11.971428571428572,0.875,Caution
5,7,0,3,4,12.0,0.42857142857142855,Caution
6,7,0,6,1,12.333333333333334,0.8571428571428571,Safe
12,22,0,6,16,15.307692307692308,0.2727272727272727,Safe
7,7,0,6,1,12.666666666666666,0.8571428571428571,Safe
7,10,0,7,3,14.368,0.7,Safe
8,8,0,7,1,12.084285714285716,0.875,Safe
12,18,0,8,10,12.25,0.4444444444444444,Caution
6,10,0,5,5,12.2,0.5,Caution
6,12,0,4,8,11.0,0.3333333333333333,Safe
6,8,0,5,3,12.8,0.625,Safe
8,8,0,7,1,11.857142857142858,0.875,Safe
6,8,0,6,2,12.285714285714286,0.75,Safe
6,11,0,3,8,12.333333333333334,0.2727272727272727,Dropout
6,11,0,4,7,11.25,0.36363636363636365,Safe
6,0,0,0,0,0.0,0.0,Dropout
3,3,0,2,1,16.0,0.6666666666666666,Dropout
6,10,0,6,4,11.666666666666666,0.6,Safe
7,15,0,5,10,12.4,0.3333333333333333,Caution
7,14,1,6,8,10.744444444444444,0.42857142857142855,Caution
6,0,0,0,0,0.0,0.0,Dropout
7,12,0,4,8,12.0,0.3333333333333333,Dropout
6,12,0,4,8,12.75,0.3333333333333333,Caution
5,9,0,2,7,10.0,0.2222222222222222,Caution
14,26,1,12,14,13.417391304347827,0.46153846153846156,Safe
6,6,0,6,0,15.166666666666666,1.0,Safe
6,10,0,5,5,13.833333333333334,0.5,Safe
5,6,0,5,1,13.333333333333334,0.8333333333333334,Safe
0,0,0,0,0,0.0,0.0,Caution
6,11,0,3,8,11.666666666666666,0.2727272727272727,Dropout
6,12,0,5,7,15.0,0.4166666666666667,Safe
8,8,0,7,1,13.242857142857144,0.875,Caution
5,13,0,1,12,13.0,0.07692307692307693,Dropout
7,8,0,6,2,13.075,0.75,Safe
6,6,0,6,0,13.5,1.0,Safe
6,8,0,5,3,11.8,0.625,Safe
6,7,0,5,2,12.6,0.7142857142857143,Caution
6,6,0,6,0,12.166666666666666,1.0,Dropout
6,9,0,6,3,12.166666666666666,0.6666666666666666,Safe
0,0,0,0,0,0.0,0.0,Dropout
7,7,0,7,0,13.557142857142855,1.0,Safe
5,6,0,4,2,12.25,0.6666666666666666,Caution
6,6,0,6,0,14.333333333333334,1.0,Safe
6,10,0,4,6,10.5,0.4,Safe
4,8,0,0,8,0.0,0.0,Dropout
6,10,0,4,6,12.75,0.4,Caution
6,14,0,0,14,0.0,0.0,Caution
5,10,0,1,9,14.0,0.1,Caution
7,9,0,7,2,14.093333333333332,0.7777777777777778,Safe
6,6,0,6,0,13.333333333333334,1.0,Safe
8,12,0,7,5,12.071428571428571,0.5833333333333334,Safe
6,6,0,6,0,12.666666666666666,1.0,Safe
6,11,0,6,5,12.125,0.5454545454545454,Caution
7,9,0,7,2,13.2,0.7777777777777778,Safe
7,8,0,7,1,14.15,0.875,Safe
6,12,0,4,8,13.5,0.3333333333333333,Caution
6,0,0,0,0,0.0,0.0,Dropout
7,13,0,5,8,12.2,0.38461538461538464,Dropout
5,6,1,5,1,14.8,0.8333333333333334,Safe
6,8,0,5,3,11.0,0.625,Safe
5,10,0,0,10,0.0,0.0,Caution
5,15,3,3,12,14.0,0.2,Caution
6,8,0,5,3,11.833333333333334,0.625,Safe
5,7,0,4,3,11.75,0.5714285714285714,Safe
14,22,0,12,10,12.333333333333334,0.5454545454545454,Safe
10,16,0,3,13,11.666666666666666,0.1875,Dropout
6,9,0,6,3,12.666666666666666,0.6666666666666666,Caution
6,9,0,4,5,12.25,0.4444444444444444,Caution
6,7,0,6,1,11.285714285714286,0.8571428571428571,Safe
5,12,0,2,10,11.5,0.16666666666666666,Dropout
6,10,0,6,4,11.666666666666666,0.6,Safe
8,8,0,7,1,13.514285714285714,0.875,Safe
6,7,0,6,1,13.0,0.8571428571428571,Safe
6,11,0,3,8,15.0,0.2727272727272727,Caution
8,8,0,7,1,12.744285714285716,0.875,Safe
5,10,0,4,6,11.75,0.4,Safe
6,6,0,6,0,12.166666666666666,1.0,Safe
0,0,0,0,0,0.0,0.0,Caution
6,9,1,5,4,13.4,0.5555555555555556,Safe
6,9,0,5,4,11.8,0.5555555555555556,Dropout
7,7,0,6,1,13.533333333333331,0.8571428571428571,Safe
6,7,0,6,1,14.166666666666666,0.8571428571428571,Safe
7,7,0,7,0,14.652857142857142,1.0,Safe
0,0,0,0,0,0.0,0.0,Dropout
5,5,0,5,0,13.6,1.0,Safe
6,9,0,6,3,12.833333333333334,0.6666666666666666,Safe
6,6,0,6,0,14.666666666666666,1.0,Safe
6,6,0,6,0,13.333333333333334,1.0,Safe
6,10,0,5,5,13.4,0.5,Safe
7,9,0,7,2,13.3125,0.7777777777777778,Safe
0,0,0,0,0,0.0,0.0,Dropout
4,4,0,0,4,0.0,0.0,Dropout
6,7,0,6,1,12.333333333333334,0.8571428571428571,Safe
6,6,0,6,0,13.5,1.0,Caution
6,8,0,5,3,13.0,0.625,Safe
5,6,0,2,4,12.5,0.3333333333333333,Dropout
6,10,0,6,4,17.0,0.6,Safe
6,7,0,6,1,13.5,0.8571428571428571,Safe
6,7,0,6,1,12.714285714285714,0.8571428571428571,Safe
7,9,0,6,3,13.0,0.6666666666666666,Safe
6,7,0,6,1,12.571428571428571,0.8571428571428571,Safe
6,10,0,4,6,11.5,0.4,Dropout
6,6,0,6,0,13.5,1.0,Safe
6,8,0,5,3,13.6,0.625,Caution
5,14,3,1,13,12.0,0.07142857142857142,Dropout
7,8,0,7,1,14.95,0.875,Safe
5,10,0,4,6,11.25,0.4,Caution
6,13,0,3,10,10.666666666666666,0.23076923076923078,Dropout
8,8,0,7,1,14.992857142857142,0.875,Safe
5,12,0,3,9,10.5,0.25,Caution
6,6,0,4,2,11.25,0.6666666666666666,Caution
6,6,0,6,0,12.333333333333334,1.0,Safe
7,7,0,6,1,13.016666666666666,0.8571428571428571,Caution
5,7,0,3,4,11.333333333333334,0.42857142857142855,Dropout
6,7,0,6,1,16.142857142857142,0.8571428571428571,Safe
6,8,0,6,2,14.833333333333334,0.75,Safe
8,8,0,7,1,13.327142857142857,0.875,Dropout
6,13,0,4,9,11.0,0.3076923076923077,Dropout
6,10,1,6,4,11.714285714285714,0.6,Caution
12,13,0,12,1,12.333333333333334,0.9230769230769231,Dropout
7,9,0,0,9,0.0,0.0,Dropout
15,15,0,12,3,11.916666666666666,0.8,Dropout
6,9,0,6,3,11.833333333333334,0.6666666666666666,Safe
7,11,0,3,8,12.333333333333334,0.2727272727272727,Dropout
10,11,0,10,1,14.3,0.9090909090909091,Safe
8,11,4,5,6,11.832,0.45454545454545453,Dropout
5,13,1,2,11,10.0,0.15384615384615385,Dropout
5,5,0,5,0,12.0,1.0,Safe
7,11,0,5,6,12.2,0.45454545454545453,Dropout
5,7,0,3,4,11.333333333333334,0.42857142857142855,Dropout
16,24,0,13,11,13.846153846153848,0.5416666666666666,Dropout
8,8,0,7,1,12.412857142857144,0.875,Safe
5,7,0,3,4,12.666666666666666,0.42857142857142855,Caution
8,11,0,7,4,12.545714285714286,0.6363636363636364,Safe
6,12,0,3,9,13.0,0.25,Dropout
6,6,0,0,6,0.0,0.0,Dropout
12,12,2,9,3,12.22222222222222,0.75,Dropout
5,10,0,5,5,13.285714285714286,0.5,Safe
5,7,0,3,4,11.666666666666666,0.42857142857142855,Dropout
6,9,0,6,3,13.555555555555555,0.6666666666666666,Safe
6,6,0,6,0,13.166666666666666,1.0,Safe
0,0,0,0,0,0.0,0.0,Caution
6,6,0,6,0,11.666666666666666,1.0,Safe
5,11,0,4,7,11.0,0.36363636363636365,Dropout
6,6,0,6,0,13.0,1.0,Caution
6,6,0,6,0,13.666666666666666,1.0,Safe
5,6,0,5,1,14.6,0.8333333333333334,Dropout
8,8,0,7,1,12.514285714285714,0.875,Safe
5,5,0,3,2,14.0,0.6,Caution
6,8,0,6,2,13.166666666666666,0.75,Caution
5,10,0,4,6,13.0,0.4,Caution
5,5,0,1,4,13.0,0.2,Dropout
5,10,0,1,9,10.0,0.1,Dropout
6,6,0,6,0,14.333333333333334,1.0,Safe
6,6,0,0,6,0.0,0.0,Dropout
5,7,0,1,6,11.0,0.14285714285714285,Dropout
6,15,0,3,12,11.25,0.2,Caution
5,7,0,4,3,10.75,0.5714285714285714,Dropout
5,7,0,1,6,11.0,0.14285714285714285,Dropout
7,13,0,6,7,10.857142857142858,0.46153846153846156,Caution
5,10,0,4,6,11.75,0.4,Caution
5,8,0,5,3,12.8,0.625,Safe
5,15,2,3,12,12.333333333333334,0.2,Safe
6,12,0,2,10,11.333333333333334,0.16666666666666666,Dropout
6,10,0,5,5,11.6,0.5,Safe
14,15,0,12,3,10.923076923076923,0.8,Safe
0,0,0,0,0,0.0,0.0,Safe
7,7,0,7,0,13.62857142857143,1.0,Safe
6,16,0,3,13,10.333333333333334,0.1875,Dropout
18,25,0,18,7,13.736842105263158,0.72,Safe
13,19,0,8,11,11.625,0.42105263157894735,Caution
7,7,0,4,3,11.5,0.5714285714285714,Safe
6,8,0,5,3,14.0,0.625,Safe
5,7,0,3,4,11.333333333333334,0.42857142857142855,Dropout
5,13,0,1,12,10.0,0.07692307692307693,Dropout
6,14,0,5,9,11.714285714285714,0.35714285714285715,Safe
0,0,0,0,0,0.0,0.0,Dropout
15,15,0,13,2,10.76923076923077,0.8666666666666667,Dropout
6,10,0,5,5,11.6,0.5,Dropout
5,6,0,4,2,13.75,0.6666666666666666,Dropout
5,14,0,4,10,11.0,0.2857142857142857,Dropout
5,6,0,0,6,0.0,0.0,Dropout
0,0,0,0,0,0.0,0.0,Dropout
0,0,0,0,0,0.0,0.0,Dropout
6,7,0,6,1,12.333333333333334,0.8571428571428571,Safe
6,9,0,6,3,13.428571428571429,0.6666666666666666,Safe
5,10,0,0,10,0.0,0.0,Caution
5,12,0,4,8,14.75,0.3333333333333333,Dropout
21,21,0,21,0,12.476190476190476,1.0,Safe
5,8,0,0,8,0.0,0.0,Dropout
6,15,0,3,12,11.666666666666666,0.2,Dropout
6,6,0,6,0,12.0,1.0,Safe
6,7,0,6,1,12.0,0.8571428571428571,Safe
12,12,0,12,0,15.25,1.0,Safe
6,9,0,5,4,12.4,0.5555555555555556,Safe
5,9,0,3,6,12.333333333333334,0.3333333333333333,Caution
5,8,0,4,4,11.5,0.5,Caution
6,8,0,5,3,12.2,0.625,Dropout
5,14,0,2,12,10.5,0.14285714285714285,Dropout
8,8,0,7,1,14.4,0.875,Safe
14,18,0,13,5,12.846153846153848,0.7222222222222222,Safe
6,13,0,4,9,12.0,0.3076923076923077,Dropout
5,0,0,0,0,0.0,0.0,Dropout
7,8,0,6,2,13.666666666666666,0.75,Dropout
6,10,0,5,5,11.857142857142858,0.5,Safe
6,0,0,0,0,0.0,0.0,Dropout
0,0,0,0,0,0.0,0.0,Dropout
6,8,0,5,3,13.2,0.625,Safe
6,8,0,6,2,12.714285714285714,0.75,Dropout
6,6,0,6,0,12.5,1.0,Safe
5,9,0,3,6,10.666666666666666,0.3333333333333333,Caution
6,12,0,1,11,17.0,0.08333333333333333,Caution
5,6,1,5,1,13.0,0.8333333333333334,Safe
5,7,0,3,4,12.666666666666666,0.42857142857142855,Caution
14,14,1,12,2,13.291666666666666,0.8571428571428571,Safe
5,12,2,3,9,11.666666666666666,0.25,Safe
8,8,0,7,1,14.24,0.875,Safe
5,10,0,3,7,13.0,0.3,Dropout
7,9,0,5,4,14.06,0.5555555555555556,Caution
6,10,0,5,5,11.833333333333334,0.5,Dropout
6,6,0,6,0,12.833333333333334,1.0,Safe
6,16,0,1,15,10.0,0.0625,Dropout
5,9,0,2,7,11.0,0.2222222222222222,Dropout
7,7,0,7,0,14.105714285714289,1.0,Safe
8,12,0,7,5,12.471428571428572,0.5833333333333334,Safe
6,11,0,6,5,11.833333333333334,0.5454545454545454,Safe
6,6,0,6,0,12.5,1.0,Safe
6,7,0,6,1,11.666666666666666,0.8571428571428571,Dropout
0,0,0,0,0,0.0,0.0,Safe
5,11,0,3,8,10.333333333333334,0.2727272727272727,Caution
5,8,2,5,3,16.166666666666668,0.625,Safe
6,11,0,3,8,12.666666666666666,0.2727272727272727,Dropout
6,14,0,2,12,10.5,0.14285714285714285,Dropout
6,13,0,2,11,11.5,0.15384615384615385,Dropout
6,6,0,6,0,13.0,1.0,Safe
7,7,0,6,1,11.966666666666669,0.8571428571428571,Safe
8,8,0,8,0,13.3475,1.0,Safe
5,7,0,5,2,12.0,0.7142857142857143,Safe
6,10,0,2,8,10.5,0.2,Dropout
6,9,0,4,5,11.5,0.4444444444444444,Caution
0,0,0,0,0,0.0,0.0,Safe
6,9,0,6,3,13.571428571428571,0.6666666666666666,Safe
6,10,0,6,4,14.7,0.6,Safe
5,5,0,0,5,0.0,0.0,Dropout
7,8,0,6,2,11.833333333333334,0.75,Caution
0,0,0,0,0,0.0,0.0,Safe
7,7,0,7,0,13.175714285714289,1.0,Safe
6,7,0,0,7,0.0,0.0,Dropout
6,12,0,2,10,13.0,0.16666666666666666,Caution
8,11,0,7,4,13.742857142857144,0.6363636363636364,Safe
5,5,0,0,5,0.0,0.0,Dropout
7,8,0,7,1,12.217142857142855,0.875,Safe
15,15,0,14,1,11.071428571428571,0.9333333333333333,Dropout
7,10,0,7,3,13.428571428571429,0.7,Safe
5,7,0,5,2,11.4,0.7142857142857143,Dropout
8,14,1,4,10,11.325,0.2857142857142857,Dropout
6,13,0,0,13,0.0,0.0,Caution
8,8,0,7,1,15.0,0.875,Safe
6,7,0,6,1,13.166666666666666,0.8571428571428571,Safe
6,12,0,2,10,11.0,0.16666666666666666,Dropout
6,0,0,0,0,0.0,0.0,Dropout
5,7,0,3,4,12.333333333333334,0.42857142857142855,Dropout
5,6,0,4,2,12.25,0.6666666666666666,Dropout
13,13,0,13,0,11.923076923076923,1.0,Dropout
6,6,0,6,0,14.333333333333334,1.0,Safe
5,6,0,5,1,12.0,0.8333333333333334,Safe
7,9,0,7,2,13.761111111111113,0.7777777777777778,Caution
5,6,0,4,2,11.25,0.6666666666666666,Caution
5,10,0,3,7,12.333333333333334,0.3,Safe
8,8,0,8,0,14.88875,1.0,Safe
6,8,0,6,2,12.166666666666666,0.75,Dropout
6,7,0,6,1,12.666666666666666,0.8571428571428571,Safe
6,9,0,5,4,12.6,0.5555555555555556,Caution
5,8,0,4,4,13.0,0.5,Safe
6,9,0,6,3,13.875,0.6666666666666666,Safe
5,10,0,4,6,10.75,0.4,Dropout
5,10,1,3,7,14.666666666666666,0.3,Dropout
6,7,0,5,2,12.6,0.7142857142857143,Caution
7,11,0,6,5,12.4125,0.5454545454545454,Safe
6,12,0,1,11,11.0,0.08333333333333333,Dropout
8,8,0,7,1,14.314285714285717,0.875,Safe
6,6,0,4,2,12.0,0.6666666666666666,Caution
6,6,0,6,0,12.833333333333334,1.0,Safe
6,8,0,5,3,11.4,0.625,Dropout
5,5,0,5,0,14.6,1.0,Safe
6,7,0,6,1,13.5,0.8571428571428571,Safe
6,8,0,6,2,12.5,0.75,Dropout
6,6,0,4,2,13.0,0.6666666666666666,Caution
10,13,0,5,8,11.6,0.38461538461538464,Caution
5,6,1,5,1,11.8,0.8333333333333334,Safe
7,14,0,3,11,12.333333333333334,0.21428571428571427,Dropout
14,15,1,12,3,12.625,0.8,Safe
6,6,0,6,0,13.833333333333334,1.0,Safe
7,7,0,6,1,12.5,0.8571428571428571,Safe
6,7,0,5,2,13.6,0.7142857142857143,Safe
6,6,0,6,0,12.0,1.0,Dropout
7,8,0,7,1,14.9125,0.875,Dropout
5,5,0,5,0,13.8,1.0,Safe
6,8,0,6,2,11.666666666666666,0.75,Safe
